dish,aliases,cuisine,species,notes
cheeseburger,hamburger; burger; beef burger; double cheeseburger; bacon cheeseburger,American,Bos taurus; Triticum aestivum; Saccharomyces cerevisiae; Sesamum indicum; Lactuca sativa; Solanum lycopersicum; Allium cepa; Cucumis sativus; Sinapis alba,
veggie burger,black bean burger; plant-based burger,American,Phaseolus vulgaris; Triticum aestivum; Saccharomyces cerevisiae; Lactuca sativa; Solanum lycopersicum; Allium cepa; Sinapis alba,
french fries,fries; frites; pommes frites,American,Solanum tuberosum,
hot dog,hot dogs; frankfurter; wiener,American,Sus scrofa; Bos taurus; Triticum aestivum; Saccharomyces cerevisiae; Sinapis alba; Allium cepa,
fried chicken,southern fried chicken; chicken tenders; chicken nuggets; chicken wings; buffalo wings,American,Gallus gallus; Triticum aestivum; Bos taurus; Piper nigrum; Capsicum annuum,
mac and cheese,macaroni and cheese; mac n cheese; mac & cheese,American,Triticum turgidum; Bos taurus; Triticum aestivum; Sinapis alba,
grilled cheese,grilled cheese sandwich; toastie; cheese toastie,American,Triticum aestivum; Saccharomyces cerevisiae; Bos taurus,
blt,blt sandwich; bacon lettuce tomato,American,Sus scrofa; Lactuca sativa; Solanum lycopersicum; Triticum aestivum; Saccharomyces cerevisiae; Gallus gallus,
club sandwich,turkey club,American,Meleagris gallopavo; Sus scrofa; Lactuca sativa; Solanum lycopersicum; Triticum aestivum; Saccharomyces cerevisiae; Gallus gallus,
reuben,reuben sandwich,American,Bos taurus; Secale cereale; Triticum aestivum; Saccharomyces cerevisiae; Brassica oleracea; Sinapis alba,
philly cheesesteak,cheesesteak,American,Bos taurus; Triticum aestivum; Saccharomyces cerevisiae; Allium cepa,
pulled pork sandwich,pulled pork; bbq pork sandwich,American,Sus scrofa; Triticum aestivum; Saccharomyces cerevisiae; Solanum lycopersicum; Saccharum officinarum; Allium cepa; Allium sativum; Capsicum annuum,
bbq ribs,ribs; spare ribs; baby back ribs; barbecue ribs,American,Sus scrofa; Solanum lycopersicum; Saccharum officinarum; Capsicum annuum; Allium sativum; Allium cepa; Piper nigrum,
brisket,smoked brisket; texas brisket,American,Bos taurus; Piper nigrum,
meatloaf,,American,Bos taurus; Triticum aestivum; Gallus gallus; Allium cepa; Solanum lycopersicum,
pot roast,,American,Bos taurus; Daucus carota; Solanum tuberosum; Allium cepa; Apium graveolens; Thymus vulgaris,
chicken pot pie,pot pie,American,Gallus gallus; Triticum aestivum; Bos taurus; Daucus carota; Pisum sativum; Allium cepa; Apium graveolens,
clam chowder,new england clam chowder; chowder,American,Mercenaria mercenaria; Bos taurus; Solanum tuberosum; Allium cepa; Apium graveolens; Sus scrofa; Thymus vulgaris,
lobster roll,,American,Homarus americanus; Triticum aestivum; Saccharomyces cerevisiae; Bos taurus; Citrus limon; Apium graveolens,
crab cakes,crab cake; maryland crab cakes,American,Callinectes sapidus; Triticum aestivum; Gallus gallus; Sinapis alba; Petroselinum crispum,
shrimp and grits,,American,Penaeus vannamei; Zea mays; Bos taurus; Sus scrofa; Allium sativum; Citrus limon,
gumbo,seafood gumbo; chicken and sausage gumbo,Cajun,Gallus gallus; Sus scrofa; Penaeus vannamei; Triticum aestivum; Allium cepa; Apium graveolens; Capsicum annuum; Abelmoschus esculentus; Allium sativum; Oryza sativa; Thymus vulgaris; Laurus nobilis,
jambalaya,,Cajun,Oryza sativa; Gallus gallus; Sus scrofa; Penaeus vannamei; Allium cepa; Apium graveolens; Capsicum annuum; Solanum lycopersicum; Allium sativum; Thymus vulgaris,
po boy,po' boy; shrimp po boy; oyster po boy,Cajun,Penaeus vannamei; Triticum aestivum; Saccharomyces cerevisiae; Zea mays; Lactuca sativa; Solanum lycopersicum; Gallus gallus,
chili con carne,chili; texas chili; beef chili,American,Bos taurus; Phaseolus vulgaris; Solanum lycopersicum; Allium cepa; Allium sativum; Capsicum annuum; Cuminum cyminum; Lippia graveolens,
cornbread,corn bread,American,Zea mays; Triticum aestivum; Gallus gallus; Bos taurus; Saccharum officinarum,
biscuits and gravy,sausage gravy,American,Triticum aestivum; Bos taurus; Sus scrofa; Piper nigrum,
pancakes,pancake; buttermilk pancakes; flapjacks,American,Triticum aestivum; Gallus gallus; Bos taurus; Saccharum officinarum; Acer saccharum,
waffles,waffle; belgian waffle,American,Triticum aestivum; Gallus gallus; Bos taurus; Saccharum officinarum,
french toast,,American,Triticum aestivum; Saccharomyces cerevisiae; Gallus gallus; Bos taurus; Cinnamomum verum; Vanilla planifolia; Acer saccharum,
eggs benedict,,American,Gallus gallus; Sus scrofa; Triticum aestivum; Saccharomyces cerevisiae; Bos taurus; Citrus limon,
omelette,omelet; cheese omelette,French,Gallus gallus; Bos taurus; Allium schoenoprasum,
scrambled eggs,scrambled egg,American,Gallus gallus; Bos taurus,
oatmeal,porridge; oat porridge,American,Avena sativa; Bos taurus,
granola,muesli,American,Avena sativa; Apis mellifera; Prunus dulcis; Vitis vinifera; Helianthus annuus,
caesar salad,caesar; chicken caesar salad,American,Lactuca sativa; Bos taurus; Engraulis encrasicolus; Gallus gallus; Citrus limon; Allium sativum; Triticum aestivum; Olea europaea,
cobb salad,,American,Lactuca sativa; Gallus gallus; Sus scrofa; Persea americana; Solanum lycopersicum; Bos taurus; Penicillium roqueforti,
greek salad,horiatiki; village salad,Greek,Solanum lycopersicum; Cucumis sativus; Allium cepa; Olea europaea; Ovis aries; Origanum vulgare,
caprese salad,caprese; insalata caprese,Italian,Solanum lycopersicum; Bos taurus; Ocimum basilicum; Olea europaea,
coleslaw,slaw,American,Brassica oleracea; Daucus carota; Gallus gallus; Sinapis alba; Saccharum officinarum,
potato salad,,American,Solanum tuberosum; Gallus gallus; Sinapis alba; Allium cepa; Apium graveolens,
waldorf salad,,American,Malus domestica; Apium graveolens; Juglans regia; Vitis vinifera; Gallus gallus; Lactuca sativa,
garden salad,house salad; side salad; mixed green salad,American,Lactuca sativa; Solanum lycopersicum; Cucumis sativus; Daucus carota; Allium cepa; Olea europaea,
peanut butter and jelly,pb&j; pbj; peanut butter sandwich,American,Arachis hypogaea; Triticum aestivum; Saccharomyces cerevisiae; Vitis vinifera,
apple pie,,American,Malus domestica; Triticum aestivum; Bos taurus; Saccharum officinarum; Cinnamomum verum,
pumpkin pie,,American,Cucurbita moschata; Triticum aestivum; Bos taurus; Gallus gallus; Saccharum officinarum; Cinnamomum verum; Myristica fragrans; Zingiber officinale,
pecan pie,,American,Carya illinoinensis; Triticum aestivum; Bos taurus; Gallus gallus; Zea mays; Saccharum officinarum; Vanilla planifolia,
cheesecake,new york cheesecake,American,Bos taurus; Gallus gallus; Triticum aestivum; Saccharum officinarum; Vanilla planifolia,
brownies,brownie; chocolate brownies,American,Theobroma cacao; Triticum aestivum; Gallus gallus; Bos taurus; Saccharum officinarum,
chocolate chip cookies,cookies; chocolate chip cookie,American,Triticum aestivum; Bos taurus; Gallus gallus; Saccharum officinarum; Theobroma cacao; Vanilla planifolia,
banana bread,,American,Musa acuminata; Triticum aestivum; Gallus gallus; Bos taurus; Saccharum officinarum,
cinnamon roll,cinnamon rolls; cinnamon bun,American,Triticum aestivum; Saccharomyces cerevisiae; Bos taurus; Gallus gallus; Saccharum officinarum; Cinnamomum verum,
doughnut,donut; donuts; doughnuts,American,Triticum aestivum; Saccharomyces cerevisiae; Gallus gallus; Bos taurus; Saccharum officinarum,
ice cream,vanilla ice cream; sundae,American,Bos taurus; Saccharum officinarum; Gallus gallus; Vanilla planifolia,
chocolate ice cream,,American,Bos taurus; Saccharum officinarum; Gallus gallus; Theobroma cacao,
milkshake,chocolate milkshake; vanilla milkshake,American,Bos taurus; Saccharum officinarum; Vanilla planifolia,
smoothie,fruit smoothie; berry smoothie,American,Musa acuminata; Fragaria × ananassa; Vaccinium corymbosum; Bos taurus,
popcorn,,American,Zea mays; Bos taurus,
nachos,loaded nachos,Tex-Mex,Zea mays; Bos taurus; Phaseolus vulgaris; Capsicum annuum; Solanum lycopersicum; Allium cepa; Persea americana,
quesadilla,cheese quesadilla; chicken quesadilla,Tex-Mex,Triticum aestivum; Bos taurus; Gallus gallus; Allium cepa; Capsicum annuum,
fajitas,chicken fajitas; steak fajitas,Tex-Mex,Gallus gallus; Bos taurus; Capsicum annuum; Allium cepa; Triticum aestivum; Citrus aurantiifolia; Cuminum cyminum,
burrito,bean burrito; breakfast burrito; burritos,Tex-Mex,Triticum aestivum; Oryza sativa; Phaseolus vulgaris; Bos taurus; Solanum lycopersicum; Allium cepa; Capsicum annuum; Lactuca sativa,
chimichanga,,Tex-Mex,Triticum aestivum; Bos taurus; Phaseolus vulgaris; Solanum lycopersicum; Allium cepa; Capsicum annuum,
tacos,taco; street tacos; tacos al pastor; carne asada tacos; carnitas tacos,Mexican,Zea mays; Bos taurus; Sus scrofa; Allium cepa; Coriandrum sativum; Citrus aurantiifolia; Capsicum annuum,
fish tacos,baja fish tacos,Mexican,Zea mays; Oreochromis niloticus; Brassica oleracea; Citrus aurantiifolia; Capsicum annuum; Triticum aestivum; Gallus gallus; Coriandrum sativum,
guacamole,guac,Mexican,Persea americana; Allium cepa; Coriandrum sativum; Citrus aurantiifolia; Capsicum annuum; Solanum lycopersicum,
salsa,pico de gallo; salsa fresca; salsa roja,Mexican,Solanum lycopersicum; Allium cepa; Capsicum annuum; Coriandrum sativum; Citrus aurantiifolia,
salsa verde,tomatillo salsa,Mexican,Physalis philadelphica; Capsicum annuum; Allium cepa; Allium sativum; Coriandrum sativum,
enchiladas,enchilada; chicken enchiladas,Mexican,Zea mays; Gallus gallus; Capsicum annuum; Solanum lycopersicum; Allium cepa; Allium sativum; Bos taurus; Cuminum cyminum; Lippia graveolens,
tamales,tamal; tamale,Mexican,Zea mays; Sus scrofa; Capsicum annuum; Allium sativum,
chilaquiles,,Mexican,Zea mays; Physalis philadelphica; Capsicum annuum; Allium cepa; Bos taurus; Gallus gallus; Coriandrum sativum,
huevos rancheros,,Mexican,Gallus gallus; Zea mays; Solanum lycopersicum; Capsicum annuum; Allium cepa; Allium sativum; Phaseolus vulgaris,
pozole,posole; pozole rojo,Mexican,Zea mays; Sus scrofa; Capsicum annuum; Allium sativum; Allium cepa; Lippia graveolens; Brassica oleracea; Raphanus sativus; Citrus aurantiifolia,
mole poblano,mole; chicken mole,Mexican,Gallus gallus; Capsicum annuum; Theobroma cacao; Prunus dulcis; Sesamum indicum; Cinnamomum verum; Syzygium aromaticum; Allium sativum; Allium cepa; Solanum lycopersicum; Musa × paradisiaca; Vitis vinifera,
elote,mexican street corn; esquites,Mexican,Zea mays; Bos taurus; Capsicum annuum; Citrus aurantiifolia,
ceviche,,Peruvian,Dicentrarchus labrax; Citrus aurantiifolia; Allium cepa; Capsicum annuum; Coriandrum sativum; Ipomoea batatas; Zea mays,
cochinita pibil,,Mexican,Sus scrofa; Bixa orellana; Citrus sinensis; Allium sativum; Allium cepa; Capsicum chinense,
carnitas,,Mexican,Sus scrofa; Citrus sinensis; Allium sativum; Lippia graveolens; Cuminum cyminum,
birria,birria tacos; quesabirria,Mexican,Bos taurus; Capra hircus; Capsicum annuum; Allium sativum; Allium cepa; Cuminum cyminum; Cinnamomum verum; Syzygium aromaticum; Laurus nobilis; Zea mays; Coriandrum sativum,
sopes,sope; huaraches,Mexican,Zea mays; Phaseolus vulgaris; Bos taurus; Lactuca sativa; Solanum lycopersicum; Allium cepa,
tortilla soup,sopa de tortilla,Mexican,Zea mays; Gallus gallus; Solanum lycopersicum; Capsicum annuum; Allium cepa; Allium sativum; Persea americana; Bos taurus; Citrus aurantiifolia,
churros,churro,Mexican,Triticum aestivum; Gallus gallus; Saccharum officinarum; Cinnamomum verum; Theobroma cacao,
flan,creme caramel; crème caramel,Mexican,Gallus gallus; Bos taurus; Saccharum officinarum; Vanilla planifolia,
tres leches cake,tres leches,Mexican,Triticum aestivum; Gallus gallus; Bos taurus; Saccharum officinarum; Vanilla planifolia,
horchata,,Mexican,Oryza sativa; Cinnamomum verum; Saccharum officinarum; Vanilla planifolia,
margarita,,Mexican,Agave tequilana; Saccharomyces cerevisiae; Citrus aurantiifolia; Citrus sinensis,
margherita pizza,pizza margherita; pizza; cheese pizza; neapolitan pizza,Italian,Triticum aestivum; Saccharomyces cerevisiae; Solanum lycopersicum; Bos taurus; Ocimum basilicum; Olea europaea,
pepperoni pizza,,Italian,Triticum aestivum; Saccharomyces cerevisiae; Solanum lycopersicum; Bos taurus; Sus scrofa; Capsicum annuum; Olea europaea,
spaghetti bolognese,bolognese; ragu alla bolognese; spaghetti with meat sauce,Italian,Triticum turgidum; Bos taurus; Sus scrofa; Solanum lycopersicum; Allium cepa; Daucus carota; Apium graveolens; Allium sativum; Vitis vinifera; Olea europaea,
spaghetti carbonara,carbonara; pasta carbonara,Italian,Triticum turgidum; Gallus gallus; Sus scrofa; Ovis aries; Piper nigrum,
cacio e pepe,,Italian,Triticum turgidum; Ovis aries; Piper nigrum,
pasta alla norma,,Italian,Triticum turgidum; Solanum melongena; Solanum lycopersicum; Ocimum basilicum; Allium sativum; Ovis aries; Olea europaea,
pesto pasta,pesto; pasta al pesto; pesto genovese,Italian,Triticum turgidum; Ocimum basilicum; Pinus pinea; Allium sativum; Bos taurus; Olea europaea,
lasagna,lasagne,Italian,Triticum turgidum; Bos taurus; Sus scrofa; Solanum lycopersicum; Allium cepa; Allium sativum; Triticum aestivum; Myristica fragrans,
fettuccine alfredo,alfredo; chicken alfredo,Italian,Triticum turgidum; Bos taurus; Gallus gallus; Piper nigrum,
penne arrabbiata,arrabbiata,Italian,Triticum turgidum; Solanum lycopersicum; Allium sativum; Capsicum annuum; Olea europaea; Petroselinum crispum,
spaghetti aglio e olio,aglio e olio,Italian,Triticum turgidum; Allium sativum; Olea europaea; Capsicum annuum; Petroselinum crispum,
pasta puttanesca,puttanesca,Italian,Triticum turgidum; Solanum lycopersicum; Engraulis encrasicolus; Olea europaea; Capparis spinosa; Allium sativum; Capsicum annuum,
spaghetti alle vongole,vongole; linguine with clams,Italian,Triticum turgidum; Ruditapes philippinarum; Allium sativum; Olea europaea; Petroselinum crispum; Vitis vinifera; Capsicum annuum,
ravioli,cheese ravioli; spinach and ricotta ravioli,Italian,Triticum aestivum; Gallus gallus; Bos taurus; Spinacia oleracea; Myristica fragrans; Solanum lycopersicum,
gnocchi,potato gnocchi,Italian,Solanum tuberosum; Triticum aestivum; Gallus gallus; Bos taurus; Solanum lycopersicum,
risotto,risotto alla milanese; saffron risotto,Italian,Oryza sativa; Bos taurus; Allium cepa; Vitis vinifera; Crocus sativus,
mushroom risotto,risotto ai funghi,Italian,Oryza sativa; Agaricus bisporus; Boletus edulis; Bos taurus; Allium cepa; Vitis vinifera; Allium sativum; Petroselinum crispum,
minestrone,,Italian,Phaseolus vulgaris; Solanum lycopersicum; Allium cepa; Daucus carota; Apium graveolens; Cucurbita pepo; Solanum tuberosum; Triticum turgidum; Allium sativum; Olea europaea; Bos taurus; Ocimum basilicum,
bruschetta,,Italian,Triticum aestivum; Saccharomyces cerevisiae; Solanum lycopersicum; Allium sativum; Ocimum basilicum; Olea europaea,
focaccia,,Italian,Triticum aestivum; Saccharomyces cerevisiae; Olea europaea; Salvia rosmarinus,
garlic bread,,Italian,Triticum aestivum; Saccharomyces cerevisiae; Bos taurus; Allium sativum; Petroselinum crispum,
chicken parmesan,chicken parm; parmigiana,Italian,Gallus gallus; Triticum aestivum; Bos taurus; Solanum lycopersicum; Allium sativum; Ocimum basilicum,
eggplant parmesan,eggplant parmigiana; melanzane alla parmigiana,Italian,Solanum melongena; Solanum lycopersicum; Bos taurus; Ocimum basilicum; Allium sativum; Triticum aestivum; Gallus gallus; Olea europaea,
osso buco,ossobuco,Italian,Bos taurus; Allium cepa; Daucus carota; Apium graveolens; Solanum lycopersicum; Vitis vinifera; Citrus limon; Petroselinum crispum; Allium sativum,
saltimbocca,,Italian,Bos taurus; Sus scrofa; Salvia officinalis; Vitis vinifera,
veal milanese,cotoletta; wiener schnitzel,Italian,Bos taurus; Triticum aestivum; Gallus gallus; Citrus limon,
polenta,,Italian,Zea mays; Bos taurus,
arancini,,Italian,Oryza sativa; Bos taurus; Gallus gallus; Triticum aestivum; Pisum sativum; Solanum lycopersicum; Crocus sativus,
prosciutto e melone,prosciutto and melon,Italian,Sus scrofa; Cucumis melo,
antipasto,antipasto platter; charcuterie board; charcuterie,Italian,Sus scrofa; Bos taurus; Olea europaea; Capparis spinosa; Capsicum annuum; Penicillium nalgiovense,
tiramisu,tiramisù,Italian,Bos taurus; Gallus gallus; Coffea arabica; Theobroma cacao; Triticum aestivum; Saccharum officinarum,
panna cotta,,Italian,Bos taurus; Saccharum officinarum; Vanilla planifolia; Sus scrofa,
gelato,,Italian,Bos taurus; Saccharum officinarum; Gallus gallus,
cannoli,cannolo,Italian,Triticum aestivum; Ovis aries; Saccharum officinarum; Theobroma cacao; Pistacia vera; Citrus sinensis,
panettone,,Italian,Triticum aestivum; Saccharomyces cerevisiae; Gallus gallus; Bos taurus; Saccharum officinarum; Vitis vinifera; Citrus sinensis,
espresso,latte; cappuccino; americano; cold brew; flat white,Italian,Coffea arabica; Bos taurus,
black coffee,coffee; drip coffee; filter coffee,,Coffea arabica,
croissant,croissants; pain au chocolat,French,Triticum aestivum; Saccharomyces cerevisiae; Bos taurus; Gallus gallus,
baguette,french bread,French,Triticum aestivum; Saccharomyces cerevisiae,
quiche lorraine,quiche,French,Triticum aestivum; Bos taurus; Gallus gallus; Sus scrofa; Myristica fragrans,
french onion soup,onion soup,French,Allium cepa; Bos taurus; Triticum aestivum; Saccharomyces cerevisiae; Vitis vinifera; Thymus vulgaris,
coq au vin,,French,Gallus gallus; Vitis vinifera; Sus scrofa; Agaricus bisporus; Allium cepa; Allium sativum; Daucus carota; Thymus vulgaris; Laurus nobilis; Bos taurus; Triticum aestivum,
beef bourguignon,boeuf bourguignon,French,Bos taurus; Vitis vinifera; Sus scrofa; Agaricus bisporus; Allium cepa; Daucus carota; Allium sativum; Thymus vulgaris; Laurus nobilis; Triticum aestivum,
ratatouille,,French,Solanum melongena; Cucurbita pepo; Solanum lycopersicum; Capsicum annuum; Allium cepa; Allium sativum; Olea europaea; Thymus vulgaris; Ocimum basilicum,
bouillabaisse,,French,Dicentrarchus labrax; Lophius piscatorius; Mytilus edulis; Solanum lycopersicum; Foeniculum vulgare; Allium cepa; Allium sativum; Crocus sativus; Citrus sinensis; Olea europaea; Solanum tuberosum,
moules frites,moules marinières; mussels and fries,French,Mytilus galloprovincialis; Solanum tuberosum; Vitis vinifera; Allium cepa; Allium sativum; Petroselinum crispum; Bos taurus,
steak frites,steak and fries; steak,French,Bos taurus; Solanum tuberosum,
steak au poivre,,French,Bos taurus; Piper nigrum; Vitis vinifera,
duck confit,confit de canard,French,Anas platyrhynchos; Allium sativum; Thymus vulgaris,
cassoulet,,French,Phaseolus vulgaris; Anas platyrhynchos; Sus scrofa; Allium sativum; Allium cepa; Solanum lycopersicum; Thymus vulgaris; Daucus carota,
nicoise salad,salade niçoise; niçoise,French,Thunnus albacares; Gallus gallus; Lactuca sativa; Solanum lycopersicum; Phaseolus vulgaris; Solanum tuberosum; Olea europaea; Engraulis encrasicolus,
croque monsieur,croque madame,French,Triticum aestivum; Saccharomyces cerevisiae; Sus scrofa; Bos taurus; Gallus gallus; Myristica fragrans,
crepes,crêpes; crepe,French,Triticum aestivum; Gallus gallus; Bos taurus,
souffle,soufflé; cheese soufflé,French,Gallus gallus; Bos taurus; Triticum aestivum,
escargot,escargots,French,Helix pomatia; Bos taurus; Allium sativum; Petroselinum crispum,
foie gras,,French,Anas platyrhynchos,
creme brulee,crème brûlée,French,Bos taurus; Gallus gallus; Saccharum officinarum; Vanilla planifolia,
macarons,macaron,French,Prunus dulcis; Gallus gallus; Saccharum officinarum; Bos taurus,
tarte tatin,,French,Malus domestica; Triticum aestivum; Bos taurus; Saccharum officinarum,
mousse au chocolat,chocolate mousse,French,Theobroma cacao; Gallus gallus; Bos taurus; Saccharum officinarum,
vichyssoise,,French,Allium ampeloprasum; Solanum tuberosum; Bos taurus; Allium cepa,
pot au feu,pot-au-feu,French,Bos taurus; Daucus carota; Allium ampeloprasum; Brassica rapa; Allium cepa; Apium graveolens; Syzygium aromaticum,
boeuf tartare,steak tartare; beef tartare,French,Bos taurus; Gallus gallus; Allium cepa; Capparis spinosa; Sinapis alba; Petroselinum crispum,
paella,paella valenciana,Spanish,Oryza sativa; Gallus gallus; Oryctolagus cuniculus; Phaseolus vulgaris; Crocus sativus; Solanum lycopersicum; Allium sativum; Olea europaea; Capsicum annuum; Salvia rosmarinus,
seafood paella,paella de marisco,Spanish,Oryza sativa; Penaeus vannamei; Mytilus edulis; Loligo vulgaris; Crocus sativus; Solanum lycopersicum; Allium sativum; Olea europaea; Capsicum annuum; Pisum sativum,
tortilla española,spanish omelette; tortilla de patatas,Spanish,Gallus gallus; Solanum tuberosum; Allium cepa; Olea europaea,
gazpacho,,Spanish,Solanum lycopersicum; Cucumis sativus; Capsicum annuum; Allium cepa; Allium sativum; Olea europaea; Triticum aestivum,
patatas bravas,,Spanish,Solanum tuberosum; Solanum lycopersicum; Capsicum annuum; Allium sativum; Olea europaea; Gallus gallus,
gambas al ajillo,garlic shrimp,Spanish,Penaeus vannamei; Allium sativum; Olea europaea; Capsicum annuum; Petroselinum crispum,
jamón ibérico,jamon; jamón serrano; iberian ham,Spanish,Sus scrofa,
pan con tomate,pa amb tomàquet,Spanish,Triticum aestivum; Saccharomyces cerevisiae; Solanum lycopersicum; Allium sativum; Olea europaea,
croquetas,croquettes,Spanish,Triticum aestivum; Bos taurus; Sus scrofa; Gallus gallus,
chorizo,,Spanish,Sus scrofa; Capsicum annuum; Allium sativum,
bacalhau,bacalao; salt cod,Portuguese,Gadus morhua,
pastel de nata,pasteis de nata; portuguese custard tart,Portuguese,Triticum aestivum; Bos taurus; Gallus gallus; Saccharum officinarum; Cinnamomum verum; Citrus limon,
caldo verde,,Portuguese,Brassica oleracea; Solanum tuberosum; Sus scrofa; Allium cepa; Allium sativum; Olea europaea,
piri piri chicken,peri peri chicken,Portuguese,Gallus gallus; Capsicum frutescens; Allium sativum; Citrus limon; Olea europaea; Capsicum annuum,
sangria,,Spanish,Vitis vinifera; Saccharomyces cerevisiae; Citrus sinensis; Malus domestica; Citrus limon; Saccharum officinarum,
fish and chips,fish & chips,British,Gadus morhua; Solanum tuberosum; Triticum aestivum; Hordeum vulgare; Humulus lupulus; Saccharomyces cerevisiae; Pisum sativum,
full english breakfast,english breakfast; fry-up; full irish,British,Gallus gallus; Sus scrofa; Solanum lycopersicum; Agaricus bisporus; Phaseolus vulgaris; Triticum aestivum; Saccharomyces cerevisiae; Bos taurus,
shepherd's pie,shepherds pie; cottage pie,British,Ovis aries; Bos taurus; Solanum tuberosum; Allium cepa; Daucus carota; Pisum sativum; Solanum lycopersicum,
bangers and mash,sausage and mash,British,Sus scrofa; Solanum tuberosum; Bos taurus; Allium cepa,
sunday roast,roast beef; roast dinner; yorkshire pudding,British,Bos taurus; Solanum tuberosum; Daucus carota; Triticum aestivum; Gallus gallus; Brassica oleracea,
beef wellington,,British,Bos taurus; Triticum aestivum; Agaricus bisporus; Sus scrofa; Gallus gallus; Sinapis alba,
chicken tikka masala,tikka masala,British,Gallus gallus; Bos taurus; Solanum lycopersicum; Allium cepa; Allium sativum; Zingiber officinale; Cuminum cyminum; Coriandrum sativum; Curcuma longa; Capsicum annuum; Elettaria cardamomum,
scones,scone; cream tea,British,Triticum aestivum; Bos taurus; Saccharum officinarum; Fragaria × ananassa; Gallus gallus,
trifle,,British,Triticum aestivum; Gallus gallus; Bos taurus; Saccharum officinarum; Fragaria × ananassa; Vitis vinifera; Vanilla planifolia,
sticky toffee pudding,,British,Phoenix dactylifera; Triticum aestivum; Bos taurus; Gallus gallus; Saccharum officinarum,
irish stew,,Irish,Ovis aries; Solanum tuberosum; Allium cepa; Daucus carota; Thymus vulgaris; Petroselinum crispum,
colcannon,,Irish,Solanum tuberosum; Brassica oleracea; Bos taurus; Allium fistulosum,
guinness,stout; porter,Irish,Hordeum vulgare; Humulus lupulus; Saccharomyces cerevisiae,
beer,lager; pilsner; ale; ipa; pale ale,,Hordeum vulgare; Humulus lupulus; Saccharomyces pastorianus,
bratwurst,brats; sausages; german sausage,German,Sus scrofa; Bos taurus; Sinapis alba; Triticum aestivum; Saccharomyces cerevisiae,
sauerkraut,,German,Brassica oleracea; Carum carvi,
schnitzel,pork schnitzel; jägerschnitzel,German,Sus scrofa; Triticum aestivum; Gallus gallus; Bos taurus; Citrus limon,
pretzel,soft pretzel; brezel,German,Triticum aestivum; Saccharomyces cerevisiae; Bos taurus,
spaetzle,spätzle; käsespätzle,German,Triticum aestivum; Gallus gallus; Bos taurus; Allium cepa,
currywurst,,German,Sus scrofa; Solanum lycopersicum; Triticum aestivum; Saccharomyces cerevisiae,
goulash,gulyás; hungarian goulash,Hungarian,Bos taurus; Allium cepa; Capsicum annuum; Allium sativum; Carum carvi; Solanum lycopersicum; Solanum tuberosum; Daucus carota,
pierogi,pierogies; vareniki,Polish,Triticum aestivum; Gallus gallus; Solanum tuberosum; Bos taurus; Allium cepa,
borscht,borsch; beet soup,Ukrainian,Beta vulgaris; Brassica oleracea; Solanum tuberosum; Daucus carota; Allium cepa; Bos taurus; Anethum graveolens; Allium sativum; Solanum lycopersicum,
beef stroganoff,stroganoff,Russian,Bos taurus; Agaricus bisporus; Allium cepa; Sinapis alba; Triticum aestivum; Triticum turgidum,
blini,blinis,Russian,Fagopyrum esculentum; Triticum aestivum; Gallus gallus; Bos taurus; Saccharomyces cerevisiae,
black forest cake,schwarzwälder kirschtorte,German,Theobroma cacao; Triticum aestivum; Gallus gallus; Bos taurus; Prunus cerasus; Saccharum officinarum,
apple strudel,apfelstrudel; strudel,Austrian,Malus domestica; Triticum aestivum; Bos taurus; Saccharum officinarum; Cinnamomum verum; Vitis vinifera; Juglans regia,
fondue,cheese fondue,Swiss,Bos taurus; Vitis vinifera; Allium sativum; Triticum aestivum; Saccharomyces cerevisiae,
raclette,,Swiss,Bos taurus; Solanum tuberosum; Sus scrofa; Allium cepa; Cucumis sativus,
rösti,rosti,Swiss,Solanum tuberosum; Bos taurus,
smorgasbord,smørrebrød; open sandwich,Scandinavian,Secale cereale; Bos taurus; Clupea harengus; Salmo salar; Gallus gallus; Anethum graveolens; Allium cepa,
gravlax,gravadlax; cured salmon,Scandinavian,Salmo salar; Anethum graveolens; Saccharum officinarum; Sinapis alba,
swedish meatballs,köttbullar; meatballs,Swedish,Bos taurus; Sus scrofa; Allium cepa; Triticum aestivum; Gallus gallus; Vaccinium macrocarpon; Solanum tuberosum,
pickled herring,sill; matjes,Scandinavian,Clupea harengus; Allium cepa; Saccharum officinarum; Anethum graveolens,
gyro,gyros; doner kebab; döner; shawarma,Greek,Ovis aries; Bos taurus; Triticum aestivum; Saccharomyces cerevisiae; Solanum lycopersicum; Allium cepa; Cucumis sativus; Allium sativum,
souvlaki,chicken souvlaki; pork souvlaki,Greek,Sus scrofa; Gallus gallus; Citrus limon; Origanum vulgare; Olea europaea; Triticum aestivum; Saccharomyces cerevisiae; Solanum lycopersicum; Allium cepa,
moussaka,,Greek,Solanum melongena; Ovis aries; Solanum lycopersicum; Allium cepa; Allium sativum; Bos taurus; Triticum aestivum; Cinnamomum verum; Myristica fragrans; Olea europaea,
spanakopita,spinach pie,Greek,Spinacia oleracea; Ovis aries; Triticum aestivum; Gallus gallus; Allium cepa; Anethum graveolens; Olea europaea,
tzatziki,,Greek,Bos taurus; Cucumis sativus; Allium sativum; Olea europaea; Anethum graveolens,
dolmas,dolmades; stuffed grape leaves; dolma,Greek,Vitis vinifera; Oryza sativa; Allium cepa; Anethum graveolens; Mentha spicata; Citrus limon; Olea europaea; Pinus pinea,
baklava,,Turkish,Triticum aestivum; Juglans regia; Pistacia vera; Bos taurus; Saccharum officinarum; Apis mellifera; Cinnamomum verum,
hummus,houmous,Levantine,Cicer arietinum; Sesamum indicum; Citrus limon; Allium sativum; Olea europaea,
falafel,,Levantine,Cicer arietinum; Vicia faba; Petroselinum crispum; Coriandrum sativum; Allium sativum; Cuminum cyminum; Allium cepa; Triticum aestivum; Saccharomyces cerevisiae; Sesamum indicum; Solanum lycopersicum,
baba ganoush,baba ghanoush; moutabal,Levantine,Solanum melongena; Sesamum indicum; Citrus limon; Allium sativum; Olea europaea,
tabbouleh,tabouli,Levantine,Petroselinum crispum; Triticum aestivum; Solanum lycopersicum; Mentha spicata; Allium cepa; Citrus limon; Olea europaea,
fattoush,,Levantine,Triticum aestivum; Saccharomyces cerevisiae; Lactuca sativa; Solanum lycopersicum; Cucumis sativus; Allium cepa; Petroselinum crispum; Mentha spicata; Rhus coriaria; Citrus limon; Olea europaea,
shakshuka,shakshouka,North African,Gallus gallus; Solanum lycopersicum; Capsicum annuum; Allium cepa; Allium sativum; Cuminum cyminum; Olea europaea,
kebab,kebabs; kabob; shish kebab; kofta; kofte,Middle Eastern,Ovis aries; Bos taurus; Allium cepa; Petroselinum crispum; Cuminum cyminum; Triticum aestivum; Saccharomyces cerevisiae; Solanum lycopersicum,
chicken shawarma,,Levantine,Gallus gallus; Allium sativum; Citrus limon; Cuminum cyminum; Coriandrum sativum; Capsicum annuum; Curcuma longa; Cinnamomum verum; Triticum aestivum; Saccharomyces cerevisiae; Bos taurus; Cucumis sativus; Solanum lycopersicum,
manakish,man'oushe; zaatar bread,Levantine,Triticum aestivum; Saccharomyces cerevisiae; Origanum syriacum; Sesamum indicum; Rhus coriaria; Olea europaea,
kibbeh,kibbe,Levantine,Triticum aestivum; Ovis aries; Bos taurus; Allium cepa; Pinus pinea; Cinnamomum verum; Pimenta dioica,
mujadara,mujaddara,Levantine,Lens culinaris; Oryza sativa; Allium cepa; Olea europaea; Cuminum cyminum,
pita bread,pita; pitta; flatbread,Middle Eastern,Triticum aestivum; Saccharomyces cerevisiae,
labneh,,Levantine,Bos taurus; Olea europaea; Origanum syriacum,
couscous,moroccan couscous; couscous royale,Moroccan,Triticum turgidum; Cicer arietinum; Daucus carota; Cucurbita pepo; Allium cepa; Brassica rapa; Ovis aries; Gallus gallus; Curcuma longa; Cinnamomum verum; Cuminum cyminum,
tagine,tajine; chicken tagine; lamb tagine,Moroccan,Gallus gallus; Ovis aries; Allium cepa; Allium sativum; Zingiber officinale; Curcuma longa; Cinnamomum verum; Cuminum cyminum; Olea europaea; Citrus limon; Prunus armeniaca; Prunus dulcis; Coriandrum sativum,
harira,,Moroccan,Ovis aries; Lens culinaris; Cicer arietinum; Solanum lycopersicum; Allium cepa; Apium graveolens; Coriandrum sativum; Petroselinum crispum; Zingiber officinale; Curcuma longa; Cinnamomum verum; Triticum aestivum,
mint tea,moroccan mint tea,Moroccan,Camellia sinensis; Mentha spicata; Saccharum officinarum,
turkish coffee,,Turkish,Coffea arabica; Saccharum officinarum; Elettaria cardamomum,
turkish delight,lokum,Turkish,Saccharum officinarum; Zea mays; Rosa damascena; Pistacia vera,
pide,lahmacun; turkish pizza,Turkish,Triticum aestivum; Saccharomyces cerevisiae; Ovis aries; Bos taurus; Solanum lycopersicum; Allium cepa; Petroselinum crispum; Capsicum annuum,
menemen,,Turkish,Gallus gallus; Solanum lycopersicum; Capsicum annuum; Allium cepa; Olea europaea,
koshari,kushari,Egyptian,Oryza sativa; Lens culinaris; Triticum turgidum; Cicer arietinum; Solanum lycopersicum; Allium cepa; Allium sativum; Cuminum cyminum,
ful medames,foul; ful,Egyptian,Vicia faba; Olea europaea; Citrus limon; Allium sativum; Cuminum cyminum; Petroselinum crispum; Solanum lycopersicum,
persian rice,tahdig; chelow; polo,Persian,Oryza sativa; Bos taurus; Crocus sativus,
fesenjan,fesenjoon,Persian,Gallus gallus; Juglans regia; Punica granatum; Allium cepa; Saccharum officinarum,
ghormeh sabzi,,Persian,Ovis aries; Phaseolus vulgaris; Petroselinum crispum; Coriandrum sativum; Trigonella foenum-graecum; Allium ampeloprasum; Allium cepa; Citrus limon; Curcuma longa,
kabuli pulao,afghan pulao; pilaf; pilau; rice pilaf,Afghan,Oryza sativa; Ovis aries; Daucus carota; Vitis vinifera; Allium cepa; Cuminum cyminum; Elettaria cardamomum,
mansaf,,Jordanian,Ovis aries; Bos taurus; Oryza sativa; Prunus dulcis; Pinus pinea; Triticum aestivum; Saccharomyces cerevisiae,
kabsa,machboos; mandi,Arabian,Oryza sativa; Gallus gallus; Ovis aries; Solanum lycopersicum; Allium cepa; Allium sativum; Elettaria cardamomum; Syzygium aromaticum; Cinnamomum verum; Laurus nobilis; Citrus limon,
butter chicken,murgh makhani,Indian,Gallus gallus; Bos taurus; Solanum lycopersicum; Allium sativum; Zingiber officinale; Capsicum annuum; Trigonella foenum-graecum; Cuminum cyminum; Coriandrum sativum; Curcuma longa; Elettaria cardamomum,
chicken curry,curry chicken; indian curry,Indian,Gallus gallus; Allium cepa; Solanum lycopersicum; Allium sativum; Zingiber officinale; Capsicum annuum; Curcuma longa; Cuminum cyminum; Coriandrum sativum,
lamb curry,mutton curry; rogan josh; goat curry,Indian,Ovis aries; Capra hircus; Allium cepa; Allium sativum; Zingiber officinale; Bos taurus; Capsicum annuum; Curcuma longa; Cuminum cyminum; Coriandrum sativum; Elettaria cardamomum; Cinnamomum verum; Syzygium aromaticum,
chana masala,chole; chickpea curry,Indian,Cicer arietinum; Solanum lycopersicum; Allium cepa; Allium sativum; Zingiber officinale; Capsicum annuum; Cuminum cyminum; Coriandrum sativum; Curcuma longa,
dal,daal; dhal; dal tadka; lentil curry; dal makhani,Indian,Lens culinaris; Allium cepa; Allium sativum; Zingiber officinale; Solanum lycopersicum; Cuminum cyminum; Curcuma longa; Capsicum annuum; Brassica juncea; Coriandrum sativum,
saag paneer,palak paneer; saag,Indian,Spinacia oleracea; Brassica juncea; Bos taurus; Allium cepa; Allium sativum; Zingiber officinale; Capsicum annuum; Cuminum cyminum; Curcuma longa,
aloo gobi,,Indian,Solanum tuberosum; Brassica oleracea; Allium cepa; Solanum lycopersicum; Zingiber officinale; Allium sativum; Curcuma longa; Cuminum cyminum; Coriandrum sativum; Capsicum annuum,
biryani,chicken biryani; lamb biryani; hyderabadi biryani,Indian,Oryza sativa; Gallus gallus; Ovis aries; Allium cepa; Bos taurus; Allium sativum; Zingiber officinale; Crocus sativus; Elettaria cardamomum; Cinnamomum verum; Syzygium aromaticum; Laurus nobilis; Mentha spicata; Coriandrum sativum; Capsicum annuum,
samosa,samosas,Indian,Triticum aestivum; Solanum tuberosum; Pisum sativum; Allium cepa; Cuminum cyminum; Coriandrum sativum; Capsicum annuum; Zingiber officinale,
pakora,pakoras; bhaji; onion bhaji,Indian,Cicer arietinum; Allium cepa; Solanum tuberosum; Spinacia oleracea; Capsicum annuum; Curcuma longa; Cuminum cyminum; Coriandrum sativum,
naan,naan bread; garlic naan,Indian,Triticum aestivum; Saccharomyces cerevisiae; Bos taurus; Allium sativum,
roti,chapati; paratha,Indian,Triticum aestivum; Bos taurus,
dosa,masala dosa,South Indian,Oryza sativa; Vigna mungo; Solanum tuberosum; Allium cepa; Brassica juncea; Murraya koenigii; Curcuma longa; Capsicum annuum; Cocos nucifera,
idli,idli sambar,South Indian,Oryza sativa; Vigna mungo; Cajanus cajan; Tamarindus indica; Solanum lycopersicum; Allium cepa; Brassica juncea; Murraya koenigii; Capsicum annuum; Ferula assa-foetida,
sambar,,South Indian,Cajanus cajan; Tamarindus indica; Solanum lycopersicum; Allium cepa; Brassica juncea; Murraya koenigii; Capsicum annuum; Ferula assa-foetida; Trigonella foenum-graecum,
vada,medu vada,South Indian,Vigna mungo; Capsicum annuum; Zingiber officinale; Murraya koenigii; Piper nigrum,
tandoori chicken,,Indian,Gallus gallus; Bos taurus; Citrus limon; Allium sativum; Zingiber officinale; Capsicum annuum; Cuminum cyminum; Coriandrum sativum; Curcuma longa,
vindaloo,pork vindaloo,Goan,Sus scrofa; Capsicum annuum; Allium sativum; Zingiber officinale; Cuminum cyminum; Cinnamomum verum; Syzygium aromaticum; Brassica nigra; Curcuma longa; Allium cepa,
korma,chicken korma,Indian,Gallus gallus; Bos taurus; Prunus dulcis; Anacardium occidentale; Allium cepa; Allium sativum; Zingiber officinale; Elettaria cardamomum; Coriandrum sativum; Cuminum cyminum,
kheer,rice pudding; payasam,Indian,Oryza sativa; Bos taurus; Saccharum officinarum; Elettaria cardamomum; Pistacia vera; Prunus dulcis,
gulab jamun,,Indian,Bos taurus; Triticum aestivum; Saccharum officinarum; Elettaria cardamomum; Rosa damascena,
lassi,mango lassi,Indian,Bos taurus; Mangifera indica; Saccharum officinarum; Elettaria cardamomum,
chai,masala chai; chai latte,Indian,Camellia sinensis; Bos taurus; Saccharum officinarum; Elettaria cardamomum; Zingiber officinale; Cinnamomum verum; Syzygium aromaticum; Piper nigrum,
raita,,Indian,Bos taurus; Cucumis sativus; Cuminum cyminum; Mentha spicata; Coriandrum sativum,
pani puri,golgappa; puchka; chaat,Indian,Triticum aestivum; Solanum tuberosum; Cicer arietinum; Tamarindus indica; Mentha spicata; Coriandrum sativum; Capsicum annuum; Cuminum cyminum,
bhel puri,,Indian,Oryza sativa; Allium cepa; Solanum lycopersicum; Solanum tuberosum; Tamarindus indica; Mentha spicata; Coriandrum sativum; Capsicum annuum; Cicer arietinum,
paneer tikka,,Indian,Bos taurus; Capsicum annuum; Allium cepa; Solanum lycopersicum; Zingiber officinale; Allium sativum; Cuminum cyminum; Coriandrum sativum; Curcuma longa,
rajma,rajma chawal,Indian,Phaseolus vulgaris; Oryza sativa; Allium cepa; Solanum lycopersicum; Allium sativum; Zingiber officinale; Cuminum cyminum; Coriandrum sativum; Curcuma longa; Capsicum annuum,
khichdi,khichuri; kitchari,Indian,Oryza sativa; Vigna radiata; Curcuma longa; Cuminum cyminum; Zingiber officinale; Bos taurus,
pav bhaji,,Indian,Triticum aestivum; Saccharomyces cerevisiae; Solanum tuberosum; Solanum lycopersicum; Allium cepa; Pisum sativum; Brassica oleracea; Bos taurus; Capsicum annuum; Cuminum cyminum; Coriandrum sativum; Allium sativum; Citrus limon,
sri lankan curry,sri lankan fish curry,Sri Lankan,Thunnus albacares; Cocos nucifera; Allium cepa; Allium sativum; Zingiber officinale; Murraya koenigii; Capsicum annuum; Curcuma longa; Trigonella foenum-graecum; Tamarindus indica; Cinnamomum verum,
hoppers,appam; egg hopper,Sri Lankan,Oryza sativa; Cocos nucifera; Saccharomyces cerevisiae; Gallus gallus,
momo,momos,Nepali,Triticum aestivum; Gallus gallus; Bubalus bubalis; Allium cepa; Allium sativum; Zingiber officinale; Coriandrum sativum; Solanum lycopersicum; Zanthoxylum armatum,
dal bhat,,Nepali,Lens culinaris; Oryza sativa; Spinacia oleracea; Curcuma longa; Cuminum cyminum; Allium sativum; Zingiber officinale,
fried rice,egg fried rice; chicken fried rice; yangzhou fried rice,Chinese,Oryza sativa; Gallus gallus; Allium fistulosum; Pisum sativum; Daucus carota; Glycine max; Aspergillus sojae; Triticum aestivum; Sus scrofa; Sesamum indicum,
chow mein,lo mein; stir-fried noodles,Chinese,Triticum aestivum; Gallus gallus; Brassica oleracea; Daucus carota; Allium fistulosum; Glycine max; Aspergillus sojae; Vigna radiata; Sesamum indicum,
kung pao chicken,gong bao chicken,Chinese,Gallus gallus; Arachis hypogaea; Capsicum annuum; Zanthoxylum bungeanum; Allium fistulosum; Allium sativum; Zingiber officinale; Glycine max; Aspergillus sojae; Triticum aestivum; Oryza sativa,
general tso's chicken,general tso chicken; orange chicken; sesame chicken,Chinese-American,Gallus gallus; Triticum aestivum; Zea mays; Glycine max; Aspergillus sojae; Saccharum officinarum; Allium sativum; Zingiber officinale; Capsicum annuum; Citrus sinensis; Sesamum indicum; Brassica oleracea; Oryza sativa,
sweet and sour pork,sweet and sour chicken,Chinese,Sus scrofa; Ananas comosus; Capsicum annuum; Allium cepa; Solanum lycopersicum; Saccharum officinarum; Triticum aestivum; Zea mays; Gallus gallus; Glycine max; Aspergillus sojae,
mapo tofu,ma po tofu,Sichuan,Glycine max; Sus scrofa; Bos taurus; Capsicum annuum; Zanthoxylum bungeanum; Allium sativum; Zingiber officinale; Allium fistulosum; Vicia faba; Aspergillus oryzae; Oryza sativa,
dumplings,jiaozi; potstickers; gyoza; pork dumplings; wontons,Chinese,Triticum aestivum; Sus scrofa; Allium tuberosum; Brassica rapa; Zingiber officinale; Allium fistulosum; Glycine max; Aspergillus sojae; Sesamum indicum,
dim sum,har gow; siu mai; shumai; char siu bao; bao,Cantonese,Penaeus vannamei; Sus scrofa; Triticum aestivum; Oryza sativa; Phyllostachys edulis; Lentinula edodes; Allium fistulosum; Zingiber officinale; Glycine max; Aspergillus sojae; Sesamum indicum,
peking duck,beijing duck; roast duck,Chinese,Anas platyrhynchos; Triticum aestivum; Cucumis sativus; Allium fistulosum; Glycine max; Saccharum officinarum,
hot pot,hotpot; huoguo; shabu shabu,Chinese,Bos taurus; Ovis aries; Brassica rapa; Glycine max; Flammulina filiformis; Lentinula edodes; Triticum aestivum; Capsicum annuum; Zanthoxylum bungeanum; Allium sativum; Allium fistulosum; Sesamum indicum,
wonton soup,wonton noodle soup,Cantonese,Triticum aestivum; Gallus gallus; Sus scrofa; Penaeus vannamei; Allium fistulosum; Zingiber officinale; Glycine max; Aspergillus sojae; Brassica rapa,
hot and sour soup,,Chinese,Auricularia heimuer; Lentinula edodes; Phyllostachys edulis; Glycine max; Gallus gallus; Sus scrofa; Capsicum annuum; Oryza sativa; Zea mays; Allium fistulosum; Zingiber officinale; Triticum aestivum; Aspergillus sojae,
egg drop soup,,Chinese,Gallus gallus; Allium fistulosum; Zea mays; Zingiber officinale,
congee,jook; rice porridge; zhou,Chinese,Oryza sativa; Gallus gallus; Sus scrofa; Zingiber officinale; Allium fistulosum; Glycine max; Aspergillus sojae; Triticum aestivum,
char siu,chinese bbq pork; cha siu,Cantonese,Sus scrofa; Apis mellifera; Glycine max; Aspergillus sojae; Triticum aestivum; Allium sativum; Illicium verum; Cinnamomum verum; Syzygium aromaticum; Foeniculum vulgare; Zanthoxylum bungeanum; Oryza sativa,
beef and broccoli,broccoli beef,Chinese-American,Bos taurus; Brassica oleracea; Allium sativum; Zingiber officinale; Glycine max; Aspergillus sojae; Triticum aestivum; Zea mays; Oryza sativa,
dan dan noodles,dandan mian,Sichuan,Triticum aestivum; Sus scrofa; Sesamum indicum; Capsicum annuum; Zanthoxylum bungeanum; Allium sativum; Allium fistulosum; Glycine max; Aspergillus sojae; Brassica juncea; Arachis hypogaea,
scallion pancake,cong you bing; green onion pancake,Chinese,Triticum aestivum; Allium fistulosum; Sesamum indicum,
xiaolongbao,soup dumplings; xiao long bao,Shanghai,Triticum aestivum; Sus scrofa; Zingiber officinale; Allium fistulosum; Glycine max; Aspergillus sojae,
twice cooked pork,hui guo rou,Sichuan,Sus scrofa; Allium ampeloprasum; Vicia faba; Capsicum annuum; Aspergillus oryzae; Glycine max; Allium sativum; Zingiber officinale; Oryza sativa,
ma la xiang guo,dry pot; mala,Sichuan,Capsicum annuum; Zanthoxylum bungeanum; Bos taurus; Nelumbo nucifera; Solanum tuberosum; Auricularia heimuer; Allium sativum; Zingiber officinale; Glycine max; Allium fistulosum,
chinese broccoli with oyster sauce,gai lan; kai lan,Cantonese,Brassica oleracea; Magallana gigas; Glycine max; Aspergillus sojae; Triticum aestivum; Allium sativum,
tea eggs,,Chinese,Gallus gallus; Camellia sinensis; Glycine max; Aspergillus sojae; Triticum aestivum; Illicium verum; Cinnamomum verum,
mooncake,mooncakes,Chinese,Triticum aestivum; Nelumbo nucifera; Vigna angularis; Anas platyrhynchos; Saccharum officinarum,
bubble tea,boba; milk tea; boba tea,Taiwanese,Camellia sinensis; Bos taurus; Manihot esculenta; Saccharum officinarum,
beef noodle soup,taiwanese beef noodle soup; niu rou mian,Taiwanese,Bos taurus; Triticum aestivum; Glycine max; Aspergillus sojae; Illicium verum; Zingiber officinale; Allium sativum; Allium fistulosum; Solanum lycopersicum; Brassica juncea; Capsicum annuum; Brassica rapa,
zongzi,sticky rice dumplings,Chinese,Oryza sativa; Sus scrofa; Vigna radiata; Lentinula edodes; Phyllostachys edulis,
stir fry,vegetable stir fry; stir-fry,Chinese,Brassica oleracea; Daucus carota; Capsicum annuum; Allium cepa; Allium sativum; Zingiber officinale; Glycine max; Aspergillus sojae; Triticum aestivum; Sesamum indicum; Oryza sativa,
egg roll,egg rolls; fried spring rolls,Chinese-American,Triticum aestivum; Gallus gallus; Brassica oleracea; Daucus carota; Sus scrofa; Allium fistulosum; Zingiber officinale; Glycine max; Aspergillus sojae,
sushi,nigiri; sushi platter; maki; california roll; sushi rolls,Japanese,Oryza sativa; Pyropia yezoensis; Thunnus albacares; Salmo salar; Seriola quinqueradiata; Penaeus vannamei; Cucumis sativus; Persea americana; Eutrema japonicum; Glycine max; Aspergillus sojae; Triticum aestivum; Zingiber officinale; Sesamum indicum,
sashimi,,Japanese,Thunnus albacares; Salmo salar; Seriola quinqueradiata; Pagrus major; Todarodes pacificus; Mesocentrotus nudus; Eutrema japonicum; Glycine max; Aspergillus sojae; Triticum aestivum; Raphanus sativus; Perilla frutescens,
ramen,tonkotsu ramen; shoyu ramen; miso ramen,Japanese,Triticum aestivum; Sus scrofa; Gallus gallus; Allium fistulosum; Pyropia yezoensis; Saccharina japonica; Glycine max; Aspergillus oryzae; Aspergillus sojae; Allium sativum; Zingiber officinale; Phyllostachys edulis; Auricularia heimuer; Sesamum indicum,
miso soup,misoshiru,Japanese,Glycine max; Aspergillus oryzae; Saccharina japonica; Katsuwonus pelamis; Undaria pinnatifida; Allium fistulosum,
tempura,shrimp tempura; vegetable tempura,Japanese,Penaeus vannamei; Triticum aestivum; Gallus gallus; Cucurbita maxima; Ipomoea batatas; Perilla frutescens; Solanum melongena; Saccharina japonica; Katsuwonus pelamis; Glycine max; Aspergillus sojae; Raphanus sativus,
teriyaki,chicken teriyaki; teriyaki chicken; salmon teriyaki,Japanese,Gallus gallus; Glycine max; Aspergillus sojae; Triticum aestivum; Oryza sativa; Aspergillus oryzae; Saccharum officinarum; Zingiber officinale; Allium fistulosum; Sesamum indicum,
tonkatsu,katsu; chicken katsu; katsu curry,Japanese,Sus scrofa; Triticum aestivum; Gallus gallus; Brassica oleracea; Oryza sativa; Solanum lycopersicum; Malus domestica,
japanese curry,curry rice; kare raisu,Japanese,Oryza sativa; Gallus gallus; Bos taurus; Solanum tuberosum; Daucus carota; Allium cepa; Triticum aestivum; Curcuma longa; Cuminum cyminum; Coriandrum sativum; Allium sativum; Zingiber officinale; Malus domestica,
okonomiyaki,,Japanese,Triticum aestivum; Brassica oleracea; Gallus gallus; Sus scrofa; Allium fistulosum; Ulva prolifera; Katsuwonus pelamis; Glycine max; Aspergillus sojae; Solanum lycopersicum,
takoyaki,,Japanese,Octopus vulgaris; Triticum aestivum; Gallus gallus; Allium fistulosum; Ulva prolifera; Katsuwonus pelamis; Saccharina japonica; Glycine max; Aspergillus sojae,
yakitori,,Japanese,Gallus gallus; Allium fistulosum; Glycine max; Aspergillus sojae; Triticum aestivum; Oryza sativa; Aspergillus oryzae; Saccharum officinarum,
udon,kitsune udon; tempura udon; udon noodles,Japanese,Triticum aestivum; Saccharina japonica; Katsuwonus pelamis; Glycine max; Aspergillus sojae; Allium fistulosum,
soba,zaru soba; soba noodles,Japanese,Fagopyrum esculentum; Triticum aestivum; Saccharina japonica; Katsuwonus pelamis; Glycine max; Aspergillus sojae; Allium fistulosum; Eutrema japonicum; Pyropia yezoensis,
onigiri,rice balls; omusubi,Japanese,Oryza sativa; Pyropia yezoensis; Salmo salar; Prunus mume; Katsuwonus pelamis,
gyudon,beef bowl,Japanese,Bos taurus; Allium cepa; Oryza sativa; Glycine max; Aspergillus sojae; Triticum aestivum; Aspergillus oryzae; Saccharum officinarum; Zingiber officinale,
oyakodon,,Japanese,Gallus gallus; Allium cepa; Oryza sativa; Glycine max; Aspergillus sojae; Triticum aestivum; Aspergillus oryzae; Saccharina japonica; Katsuwonus pelamis,
unagi don,unadon; grilled eel,Japanese,Anguilla japonica; Oryza sativa; Glycine max; Aspergillus sojae; Triticum aestivum; Aspergillus oryzae; Saccharum officinarum; Zanthoxylum piperitum,
chirashi,chirashi bowl; kaisendon; poke bowl,Japanese,Oryza sativa; Thunnus albacares; Salmo salar; Mesocentrotus nudus; Mizuhopecten yessoensis; Pyropia yezoensis; Cucumis sativus; Persea americana; Glycine max; Aspergillus sojae; Triticum aestivum; Sesamum indicum,
natto,natto rice,Japanese,Glycine max; Oryza sativa; Allium fistulosum; Sinapis alba; Aspergillus sojae; Triticum aestivum,
edamame,,Japanese,Glycine max,
agedashi tofu,,Japanese,Glycine max; Solanum tuberosum; Saccharina japonica; Katsuwonus pelamis; Aspergillus sojae; Triticum aestivum; Raphanus sativus; Allium fistulosum,
chawanmushi,,Japanese,Gallus gallus; Saccharina japonica; Katsuwonus pelamis; Penaeus vannamei; Lentinula edodes; Ginkgo biloba; Cryptotaenia japonica; Glycine max; Aspergillus sojae; Triticum aestivum,
sukiyaki,,Japanese,Bos taurus; Glycine max; Aspergillus sojae; Triticum aestivum; Aspergillus oryzae; Saccharum officinarum; Brassica rapa; Allium fistulosum; Flammulina filiformis; Lentinula edodes; Gallus gallus,
oden,,Japanese,Raphanus sativus; Gallus gallus; Saccharina japonica; Katsuwonus pelamis; Gadus chalcogrammus; Glycine max; Aspergillus sojae; Triticum aestivum; Sinapis alba; Solanum tuberosum,
izakaya crawl,izakaya,Japanese,Gallus gallus; Bos taurus; Glycine max; Aspergillus oryzae; Saccharina japonica; Katsuwonus pelamis; Gadus chalcogrammus; Pyropia yezoensis; Oryza sativa; Mesocentrotus nudus; Todarodes pacificus; Sus scrofa; Allium fistulosum; Raphanus sativus; Perilla frutescens; Hordeum vulgare; Saccharomyces pastorianus; Humulus lupulus,
matcha latte,matcha,Japanese,Camellia sinensis; Bos taurus; Saccharum officinarum,
mochi,daifuku; mochi ice cream,Japanese,Oryza sativa; Vigna angularis; Saccharum officinarum; Bos taurus,
dorayaki,,Japanese,Triticum aestivum; Gallus gallus; Apis mellifera; Vigna angularis; Saccharum officinarum,
sake,nihonshu,Japanese,Oryza sativa; Aspergillus oryzae; Saccharomyces cerevisiae,
kimchi,kimchee; baechu kimchi,Korean,Brassica rapa; Capsicum annuum; Allium sativum; Zingiber officinale; Allium fistulosum; Raphanus sativus; Stolephorus indicus; Penaeus monodon; Oryza sativa,
bibimbap,,Korean,Oryza sativa; Gallus gallus; Bos taurus; Spinacia oleracea; Vigna radiata; Cucurbita pepo; Daucus carota; Lentinula edodes; Pteridium aquilinum; Capsicum annuum; Glycine max; Aspergillus oryzae; Sesamum indicum; Allium sativum,
bulgogi,,Korean,Bos taurus; Glycine max; Aspergillus sojae; Triticum aestivum; Pyrus communis; Allium sativum; Allium fistulosum; Sesamum indicum; Saccharum officinarum; Oryza sativa; Lactuca sativa,
korean fried chicken,yangnyeom chicken,Korean,Gallus gallus; Triticum aestivum; Zea mays; Solanum tuberosum; Capsicum annuum; Glycine max; Aspergillus oryzae; Allium sativum; Zingiber officinale; Apis mellifera; Sesamum indicum,
japchae,,Korean,Ipomoea batatas; Bos taurus; Spinacia oleracea; Daucus carota; Allium cepa; Lentinula edodes; Auricularia heimuer; Gallus gallus; Glycine max; Aspergillus sojae; Triticum aestivum; Sesamum indicum; Allium sativum,
tteokbokki,ddeokbokki; topokki,Korean,Oryza sativa; Capsicum annuum; Glycine max; Aspergillus oryzae; Allium fistulosum; Gadus chalcogrammus; Saccharum officinarum; Gallus gallus; Allium sativum,
kimchi jjigae,kimchi stew,Korean,Brassica rapa; Capsicum annuum; Allium sativum; Sus scrofa; Glycine max; Allium fistulosum; Allium cepa; Engraulis encrasicolus; Saccharina japonica,
sundubu jjigae,soft tofu stew; soondubu,Korean,Glycine max; Ruditapes philippinarum; Capsicum annuum; Gallus gallus; Allium sativum; Allium fistulosum; Allium cepa; Engraulis encrasicolus; Saccharina japonica; Sus scrofa,
doenjang jjigae,,Korean,Glycine max; Aspergillus oryzae; Cucurbita pepo; Solanum tuberosum; Allium cepa; Capsicum annuum; Allium sativum; Engraulis encrasicolus; Saccharina japonica,
samgyeopsal,korean bbq; kbbq; galbi; kalbi,Korean,Sus scrofa; Bos taurus; Lactuca sativa; Perilla frutescens; Allium sativum; Capsicum annuum; Glycine max; Aspergillus oryzae; Sesamum indicum; Allium fistulosum; Oryza sativa,
samgyetang,ginseng chicken soup,Korean,Gallus gallus; Oryza sativa; Panax ginseng; Ziziphus jujuba; Allium sativum; Allium fistulosum; Ginkgo biloba; Castanea sativa,
naengmyeon,cold noodles,Korean,Fagopyrum esculentum; Ipomoea batatas; Bos taurus; Cucumis sativus; Pyrus communis; Gallus gallus; Sinapis alba; Raphanus sativus; Capsicum annuum,
gimbap,kimbap,Korean,Oryza sativa; Pyropia yezoensis; Gallus gallus; Daucus carota; Spinacia oleracea; Raphanus sativus; Bos taurus; Sesamum indicum; Cucumis sativus,
pajeon,haemul pajeon; seafood pancake; kimchi pancake,Korean,Triticum aestivum; Allium fistulosum; Loligo vulgaris; Penaeus vannamei; Gallus gallus; Glycine max; Aspergillus sojae; Capsicum annuum,
bingsu,patbingsu,Korean,Bos taurus; Vigna angularis; Saccharum officinarum; Oryza sativa; Fragaria × ananassa; Mangifera indica,
soju,,Korean,Oryza sativa; Ipomoea batatas; Saccharomyces cerevisiae; Manihot esculenta,
makgeolli,,Korean,Oryza sativa; Saccharomyces cerevisiae; Aspergillus oryzae,
pad thai,phad thai,Thai,Oryza sativa; Penaeus vannamei; Gallus gallus; Glycine max; Vigna radiata; Allium tuberosum; Arachis hypogaea; Tamarindus indica; Stolephorus indicus; Saccharum officinarum; Allium sativum; Citrus aurantiifolia; Capsicum annuum,
green curry,thai green curry; gaeng keow wan,Thai,Gallus gallus; Cocos nucifera; Capsicum annuum; Alpinia galanga; Cymbopogon citratus; Citrus hystrix; Allium sativum; Penaeus monodon; Stolephorus indicus; Ocimum tenuiflorum; Solanum melongena; Ocimum basilicum; Saccharum officinarum; Oryza sativa; Coriandrum sativum; Cuminum cyminum; Allium cepa,
red curry,thai red curry; panang curry; massaman curry,Thai,Gallus gallus; Bos taurus; Cocos nucifera; Capsicum annuum; Alpinia galanga; Cymbopogon citratus; Citrus hystrix; Allium sativum; Penaeus monodon; Stolephorus indicus; Ocimum basilicum; Saccharum officinarum; Oryza sativa; Arachis hypogaea; Solanum tuberosum; Allium cepa; Coriandrum sativum; Cuminum cyminum,
tom yum,tom yum goong; tom yum soup,Thai,Penaeus vannamei; Cymbopogon citratus; Alpinia galanga; Citrus hystrix; Capsicum annuum; Citrus aurantiifolia; Stolephorus indicus; Volvariella volvacea; Solanum lycopersicum; Coriandrum sativum; Allium cepa,
tom kha gai,tom kha,Thai,Gallus gallus; Cocos nucifera; Alpinia galanga; Cymbopogon citratus; Citrus hystrix; Capsicum annuum; Citrus aurantiifolia; Stolephorus indicus; Volvariella volvacea; Coriandrum sativum,
som tam,papaya salad; green papaya salad,Thai,Carica papaya; Capsicum annuum; Allium sativum; Arachis hypogaea; Stolephorus indicus; Citrus aurantiifolia; Saccharum officinarum; Solanum lycopersicum; Vigna unguiculata; Penaeus vannamei,
larb,laab; larb gai,Thai,Sus scrofa; Gallus gallus; Citrus aurantiifolia; Stolephorus indicus; Capsicum annuum; Mentha spicata; Coriandrum sativum; Allium fistulosum; Oryza sativa; Allium cepa,
pad see ew,,Thai,Oryza sativa; Glycine max; Aspergillus sojae; Triticum aestivum; Gallus gallus; Brassica oleracea; Allium sativum; Saccharum officinarum,
pad kra pao,thai basil chicken; pad krapow; basil pork,Thai,Sus scrofa; Gallus gallus; Ocimum tenuiflorum; Capsicum annuum; Allium sativum; Stolephorus indicus; Glycine max; Aspergillus sojae; Triticum aestivum; Saccharum officinarum; Oryza sativa,
khao soi,,Thai,Triticum aestivum; Gallus gallus; Cocos nucifera; Capsicum annuum; Curcuma longa; Zingiber officinale; Allium sativum; Coriandrum sativum; Penaeus monodon; Stolephorus indicus; Citrus aurantiifolia; Allium chinense; Brassica juncea,
mango sticky rice,khao niao mamuang,Thai,Oryza sativa; Mangifera indica; Cocos nucifera; Saccharum officinarum; Sesamum indicum; Vigna radiata,
thai iced tea,cha yen,Thai,Camellia sinensis; Bos taurus; Saccharum officinarum; Illicium verum; Tamarindus indica,
satay,chicken satay; sate,Indonesian,Gallus gallus; Arachis hypogaea; Cocos nucifera; Curcuma longa; Coriandrum sativum; Cuminum cyminum; Allium sativum; Cymbopogon citratus; Glycine max; Aspergillus sojae; Triticum aestivum; Citrus aurantiifolia; Capsicum annuum; Saccharum officinarum; Cucumis sativus,
nasi goreng,,Indonesian,Oryza sativa; Gallus gallus; Penaeus monodon; Glycine max; Aspergillus sojae; Triticum aestivum; Capsicum annuum; Allium sativum; Allium cepa; Penaeus vannamei; Cucumis sativus; Solanum lycopersicum; Saccharum officinarum,
mie goreng,mee goreng,Indonesian,Triticum aestivum; Gallus gallus; Brassica oleracea; Glycine max; Aspergillus sojae; Capsicum annuum; Allium sativum; Allium cepa; Penaeus vannamei; Saccharum officinarum; Solanum lycopersicum,
rendang,beef rendang,Indonesian,Bos taurus; Cocos nucifera; Capsicum annuum; Alpinia galanga; Zingiber officinale; Cymbopogon citratus; Allium sativum; Allium cepa; Curcuma longa; Citrus hystrix; Cinnamomum verum; Illicium verum; Syzygium aromaticum; Elettaria cardamomum; Oryza sativa; Tamarindus indica,
gado gado,gado-gado,Indonesian,Arachis hypogaea; Glycine max; Rhizopus oligosporus; Gallus gallus; Solanum tuberosum; Brassica oleracea; Vigna radiata; Vigna unguiculata; Cucumis sativus; Capsicum annuum; Allium sativum; Tamarindus indica; Saccharum officinarum; Oryza sativa,
tempeh,tempe,Indonesian,Glycine max; Rhizopus oligosporus,
nasi lemak,,Malaysian,Oryza sativa; Cocos nucifera; Pandanus amaryllifolius; Engraulis encrasicolus; Arachis hypogaea; Cucumis sativus; Gallus gallus; Capsicum annuum; Allium cepa; Allium sativum; Penaeus monodon; Tamarindus indica; Saccharum officinarum,
laksa,curry laksa; asam laksa,Malaysian,Oryza sativa; Cocos nucifera; Penaeus vannamei; Gallus gallus; Glycine max; Vigna radiata; Capsicum annuum; Alpinia galanga; Cymbopogon citratus; Curcuma longa; Allium sativum; Allium cepa; Penaeus monodon; Coriandrum sativum; Stolephorus indicus; Citrus aurantiifolia,
roti canai,roti prata,Malaysian,Triticum aestivum; Bos taurus; Gallus gallus; Lens culinaris; Allium cepa; Murraya koenigii; Capsicum annuum; Curcuma longa; Coriandrum sativum; Cuminum cyminum,
char kway teow,char kuey teow,Malaysian,Oryza sativa; Penaeus vannamei; Ruditapes philippinarum; Gallus gallus; Glycine max; Aspergillus sojae; Triticum aestivum; Vigna radiata; Allium tuberosum; Allium sativum; Capsicum annuum; Sus scrofa,
hainanese chicken rice,chicken rice,Singaporean,Gallus gallus; Oryza sativa; Zingiber officinale; Allium sativum; Allium fistulosum; Cucumis sativus; Capsicum annuum; Glycine max; Aspergillus sojae; Triticum aestivum; Sesamum indicum,
chili crab,singapore chili crab,Singaporean,Scylla serrata; Capsicum annuum; Solanum lycopersicum; Allium sativum; Zingiber officinale; Gallus gallus; Triticum aestivum; Saccharomyces cerevisiae; Saccharum officinarum; Penaeus monodon,
pho,pho bo; pho ga; beef pho,Vietnamese,Bos taurus; Oryza sativa; Allium cepa; Zingiber officinale; Illicium verum; Cinnamomum verum; Syzygium aromaticum; Coriandrum sativum; Stolephorus indicus; Vigna radiata; Ocimum basilicum; Citrus aurantiifolia; Capsicum annuum; Allium fistulosum; Eryngium foetidum; Elettaria cardamomum,
banh mi,bánh mì,Vietnamese,Triticum aestivum; Saccharomyces cerevisiae; Sus scrofa; Daucus carota; Raphanus sativus; Cucumis sativus; Coriandrum sativum; Capsicum annuum; Gallus gallus; Glycine max; Aspergillus sojae; Stolephorus indicus,
bun cha,bún chả,Vietnamese,Sus scrofa; Oryza sativa; Stolephorus indicus; Saccharum officinarum; Citrus aurantiifolia; Allium sativum; Capsicum annuum; Daucus carota; Carica papaya; Lactuca sativa; Mentha spicata; Perilla frutescens,
spring rolls,summer rolls; goi cuon; fresh spring rolls; rice paper rolls,Vietnamese,Oryza sativa; Penaeus vannamei; Sus scrofa; Lactuca sativa; Mentha spicata; Ocimum basilicum; Arachis hypogaea; Stolephorus indicus; Citrus aurantiifolia; Allium sativum; Capsicum annuum; Allium tuberosum,
vietnamese coffee,ca phe sua da; cà phê sữa đá,Vietnamese,Coffea canephora; Bos taurus; Saccharum officinarum,
bun bo hue,bún bò huế,Vietnamese,Bos taurus; Sus scrofa; Oryza sativa; Cymbopogon citratus; Penaeus monodon; Capsicum annuum; Stolephorus indicus; Allium cepa; Allium fistulosum; Vigna radiata; Ocimum basilicum; Citrus aurantiifolia; Ipomoea aquatica,
com tam,broken rice,Vietnamese,Oryza sativa; Sus scrofa; Gallus gallus; Stolephorus indicus; Saccharum officinarum; Allium sativum; Capsicum annuum; Cucumis sativus; Solanum lycopersicum; Allium fistulosum,
adobo,chicken adobo; pork adobo; filipino adobo,Filipino,Gallus gallus; Sus scrofa; Glycine max; Aspergillus sojae; Triticum aestivum; Allium sativum; Laurus nobilis; Piper nigrum; Oryza sativa,
sinigang,,Filipino,Sus scrofa; Tamarindus indica; Solanum lycopersicum; Raphanus sativus; Ipomoea aquatica; Vigna unguiculata; Solanum melongena; Allium cepa; Capsicum annuum; Stolephorus indicus; Oryza sativa,
lumpia,lumpiang shanghai,Filipino,Triticum aestivum; Sus scrofa; Daucus carota; Allium cepa; Allium sativum; Gallus gallus; Glycine max; Aspergillus sojae,
pancit,pancit canton; pancit bihon,Filipino,Triticum aestivum; Oryza sativa; Gallus gallus; Sus scrofa; Penaeus vannamei; Brassica oleracea; Daucus carota; Glycine max; Aspergillus sojae; Allium sativum; Allium cepa; Citrus aurantiifolia,
lechon,lechon kawali; roast pig,Filipino,Sus scrofa; Allium sativum; Cymbopogon citratus; Allium cepa; Piper nigrum,
halo halo,halo-halo,Filipino,Bos taurus; Saccharum officinarum; Vigna angularis; Cocos nucifera; Artocarpus heterophyllus; Musa acuminata; Ipomoea batatas; Gallus gallus,
kare kare,kare-kare,Filipino,Bos taurus; Arachis hypogaea; Oryza sativa; Solanum melongena; Vigna unguiculata; Brassica rapa; Musa acuminata; Penaeus monodon; Allium sativum; Allium cepa; Bixa orellana,
burmese tea leaf salad,lahpet thoke,Burmese,Camellia sinensis; Brassica oleracea; Solanum lycopersicum; Arachis hypogaea; Sesamum indicum; Allium sativum; Capsicum annuum; Citrus aurantiifolia; Stolephorus indicus; Cicer arietinum; Helianthus annuus,
mohinga,,Burmese,Oryza sativa; Ictalurus punctatus; Cymbopogon citratus; Allium cepa; Allium sativum; Zingiber officinale; Curcuma longa; Cicer arietinum; Stolephorus indicus; Musa × paradisiaca; Gallus gallus; Coriandrum sativum; Citrus aurantiifolia; Capsicum annuum,
amok,fish amok,Cambodian,Oreochromis niloticus; Cocos nucifera; Alpinia galanga; Cymbopogon citratus; Curcuma longa; Citrus hystrix; Allium sativum; Penaeus monodon; Stolephorus indicus; Gallus gallus; Capsicum annuum; Nelumbo nucifera,
lao sausage,sai oua,Lao,Sus scrofa; Cymbopogon citratus; Alpinia galanga; Citrus hystrix; Allium sativum; Capsicum annuum; Allium fistulosum; Coriandrum sativum; Stolephorus indicus,
jollof rice,jollof,West African,Oryza sativa; Solanum lycopersicum; Capsicum annuum; Allium cepa; Allium sativum; Zingiber officinale; Thymus vulgaris; Laurus nobilis; Capsicum chinense,
egusi soup,egusi,Nigerian,Citrullus lanatus; Elaeis guineensis; Bos taurus; Spinacia oleracea; Corchorus olitorius; Allium cepa; Capsicum chinense; Penaeus vannamei; Parkia biglobosa,
fufu,foufou; pounded yam; eba; garri,West African,Manihot esculenta; Dioscorea rotundata; Musa × paradisiaca,
suya,,Nigerian,Bos taurus; Arachis hypogaea; Capsicum annuum; Zingiber officinale; Allium sativum; Allium cepa; Solanum lycopersicum,
groundnut stew,peanut stew; maafe; mafe; domoda,West African,Arachis hypogaea; Gallus gallus; Bos taurus; Solanum lycopersicum; Allium cepa; Allium sativum; Capsicum annuum; Ipomoea batatas; Brassica oleracea; Oryza sativa,
injera,,Ethiopian,Eragrostis tef,
doro wat,doro wot,Ethiopian,Gallus gallus; Allium cepa; Bos taurus; Capsicum annuum; Allium sativum; Zingiber officinale; Trigonella foenum-graecum; Elettaria cardamomum; Syzygium aromaticum; Cinnamomum verum; Myristica fragrans; Eragrostis tef,
shiro,shiro wat,Ethiopian,Cicer arietinum; Allium cepa; Allium sativum; Solanum lycopersicum; Capsicum annuum; Eragrostis tef,
misir wat,ethiopian lentils,Ethiopian,Lens culinaris; Allium cepa; Allium sativum; Capsicum annuum; Zingiber officinale; Eragrostis tef,
kitfo,,Ethiopian,Bos taurus; Capsicum annuum; Elettaria cardamomum,
ethiopian coffee,buna,Ethiopian,Coffea arabica,
bobotie,,South African,Bos taurus; Ovis aries; Triticum aestivum; Saccharomyces cerevisiae; Gallus gallus; Allium cepa; Prunus armeniaca; Prunus dulcis; Laurus nobilis; Vitis vinifera,
bunny chow,,South African,Triticum aestivum; Saccharomyces cerevisiae; Ovis aries; Gallus gallus; Cicer arietinum; Solanum tuberosum; Solanum lycopersicum; Allium cepa; Allium sativum; Zingiber officinale,
boerewors,braai,South African,Bos taurus; Sus scrofa; Coriandrum sativum; Syzygium aromaticum; Myristica fragrans,
chakalaka,,South African,Solanum lycopersicum; Allium cepa; Daucus carota; Capsicum annuum; Phaseolus vulgaris; Allium sativum; Zingiber officinale,
pap,sadza; ugali; nshima; posho,African,Zea mays,
nyama choma,,Kenyan,Capra hircus; Bos taurus; Solanum lycopersicum; Allium cepa; Capsicum annuum; Coriandrum sativum,
piri piri prawns,,Mozambican,Penaeus vannamei; Capsicum frutescens; Allium sativum; Citrus limon; Olea europaea,
tagine of lamb with prunes,,Moroccan,Ovis aries; Prunus domestica; Allium cepa; Zingiber officinale; Cinnamomum verum; Crocus sativus; Apis mellifera; Prunus dulcis; Sesamum indicum,
chermoula fish,,Moroccan,Sparus aurata; Coriandrum sativum; Petroselinum crispum; Allium sativum; Cuminum cyminum; Capsicum annuum; Citrus limon; Olea europaea,
brik,,Tunisian,Triticum aestivum; Gallus gallus; Thunnus albacares; Petroselinum crispum; Capparis spinosa; Allium cepa,
cape malay curry,,South African,Gallus gallus; Ovis aries; Allium cepa; Solanum lycopersicum; Allium sativum; Zingiber officinale; Curcuma longa; Cuminum cyminum; Coriandrum sativum; Cinnamomum verum; Elettaria cardamomum; Syzygium aromaticum; Prunus armeniaca,
thieboudienne,ceebu jen; thiéboudienne,Senegalese,Oryza sativa; Oreochromis niloticus; Solanum lycopersicum; Allium cepa; Allium sativum; Capsicum annuum; Manihot esculenta; Daucus carota; Brassica oleracea; Solanum melongena; Petroselinum crispum; Tamarindus indica,
matoke,,Ugandan,Musa × paradisiaca; Allium cepa; Solanum lycopersicum; Arachis hypogaea,
attieke,attiéké,Ivorian,Manihot esculenta; Oreochromis niloticus; Allium cepa; Solanum lycopersicum; Capsicum annuum,
bissap,hibiscus tea; sorrel drink; agua de jamaica,West African,Hibiscus sabdariffa; Saccharum officinarum; Mentha spicata; Zingiber officinale,
jerk chicken,jerk; jerk pork,Jamaican,Gallus gallus; Capsicum chinense; Pimenta dioica; Thymus vulgaris; Allium fistulosum; Allium sativum; Zingiber officinale; Saccharum officinarum; Cinnamomum verum; Myristica fragrans; Citrus aurantiifolia; Oryza sativa; Vigna unguiculata; Cocos nucifera,
rice and peas,,Jamaican,Oryza sativa; Vigna unguiculata; Cocos nucifera; Allium fistulosum; Thymus vulgaris; Allium sativum; Capsicum chinense; Pimenta dioica,
ackee and saltfish,,Jamaican,Blighia sapida; Gadus morhua; Allium cepa; Solanum lycopersicum; Capsicum chinense; Thymus vulgaris; Allium fistulosum,
curry goat,,Jamaican,Capra hircus; Allium cepa; Allium sativum; Capsicum chinense; Thymus vulgaris; Pimenta dioica; Solanum tuberosum,
jamaican patty,beef patty,Jamaican,Triticum aestivum; Bos taurus; Allium cepa; Capsicum chinense; Thymus vulgaris; Pimenta dioica,
caribbean roti,trini roti; dhalpuri; curry chicken roti; roti and curry,Trinidadian,Triticum aestivum; Cicer arietinum; Gallus gallus; Solanum tuberosum; Allium sativum; Allium cepa; Capsicum chinense; Cuminum cyminum,
doubles,,Trinidadian,Triticum aestivum; Cicer arietinum; Cuminum cyminum; Curcuma longa; Allium sativum; Cucumis sativus; Capsicum chinense; Tamarindus indica; Coriandrum sativum,
mofongo,,Puerto Rican,Musa × paradisiaca; Allium sativum; Sus scrofa; Olea europaea; Gallus gallus,
ropa vieja,,Cuban,Bos taurus; Solanum lycopersicum; Capsicum annuum; Allium cepa; Allium sativum; Cuminum cyminum; Origanum vulgare; Olea europaea; Vitis vinifera; Oryza sativa; Phaseolus vulgaris,
cuban sandwich,cubano,Cuban,Triticum aestivum; Saccharomyces cerevisiae; Sus scrofa; Bos taurus; Sinapis alba; Cucumis sativus,
arroz con pollo,,Latin American,Oryza sativa; Gallus gallus; Solanum lycopersicum; Capsicum annuum; Allium cepa; Allium sativum; Bixa orellana; Cuminum cyminum; Olea europaea; Pisum sativum; Vitis vinifera,
tostones,patacones; fried plantains; maduros,Caribbean,Musa × paradisiaca; Allium sativum,
empanadas,empanada; beef empanadas,Argentine,Triticum aestivum; Bos taurus; Allium cepa; Gallus gallus; Olea europaea; Cuminum cyminum; Capsicum annuum,
asado,argentine bbq; parrillada; churrasco,Argentine,Bos taurus; Sus scrofa; Petroselinum crispum; Allium sativum; Origanum vulgare; Capsicum annuum; Vitis vinifera; Saccharomyces cerevisiae,
chimichurri,,Argentine,Petroselinum crispum; Allium sativum; Origanum vulgare; Capsicum annuum; Olea europaea,
milanesa,milanesa napolitana,Argentine,Bos taurus; Triticum aestivum; Gallus gallus; Sus scrofa; Solanum lycopersicum; Origanum vulgare,
feijoada,,Brazilian,Phaseolus vulgaris; Sus scrofa; Bos taurus; Allium sativum; Allium cepa; Laurus nobilis; Citrus sinensis; Oryza sativa; Brassica oleracea; Manihot esculenta,
pão de queijo,pao de queijo; brazilian cheese bread,Brazilian,Manihot esculenta; Bos taurus; Gallus gallus,
moqueca,moqueca baiana,Brazilian,Lutjanus campechanus; Cocos nucifera; Elaeis guineensis; Solanum lycopersicum; Allium cepa; Capsicum annuum; Coriandrum sativum; Citrus aurantiifolia; Allium sativum; Oryza sativa,
acai bowl,açaí bowl; acai,Brazilian,Euterpe oleracea; Musa acuminata; Paullinia cupana; Fragaria × ananassa; Avena sativa; Apis mellifera,
caipirinha,,Brazilian,Saccharum officinarum; Saccharomyces cerevisiae; Citrus aurantiifolia,
brigadeiro,,Brazilian,Bos taurus; Theobroma cacao; Saccharum officinarum,
lomo saltado,,Peruvian,Bos taurus; Allium cepa; Solanum lycopersicum; Capsicum baccatum; Glycine max; Aspergillus sojae; Triticum aestivum; Solanum tuberosum; Oryza sativa; Coriandrum sativum; Allium sativum,
aji de gallina,ají de gallina,Peruvian,Gallus gallus; Capsicum baccatum; Triticum aestivum; Bos taurus; Juglans regia; Allium cepa; Allium sativum; Solanum tuberosum; Oryza sativa; Olea europaea,
causa,causa limeña,Peruvian,Solanum tuberosum; Capsicum baccatum; Citrus aurantiifolia; Gallus gallus; Thunnus albacares; Persea americana; Olea europaea,
anticuchos,,Peruvian,Bos taurus; Capsicum baccatum; Cuminum cyminum; Allium sativum; Origanum vulgare; Zea mays; Solanum tuberosum,
pisco sour,,Peruvian,Vitis vinifera; Saccharomyces cerevisiae; Citrus aurantiifolia; Gallus gallus; Saccharum officinarum,
arepas,arepa,Venezuelan,Zea mays; Bos taurus; Phaseolus vulgaris; Persea americana; Gallus gallus,
pupusas,pupusa,Salvadoran,Zea mays; Bos taurus; Sus scrofa; Phaseolus vulgaris; Brassica oleracea; Daucus carota; Origanum vulgare; Solanum lycopersicum,
gallo pinto,,Costa Rican,Oryza sativa; Phaseolus vulgaris; Allium cepa; Capsicum annuum; Coriandrum sativum; Allium sativum,
bandeja paisa,,Colombian,Bos taurus; Sus scrofa; Oryza sativa; Phaseolus vulgaris; Gallus gallus; Musa × paradisiaca; Zea mays; Persea americana,
ajiaco,,Colombian,Gallus gallus; Solanum tuberosum; Zea mays; Galinsoga parviflora; Bos taurus; Persea americana; Capparis spinosa,
cuy,roasted guinea pig,Andean,Cavia porcellus; Allium sativum; Cuminum cyminum; Solanum tuberosum; Zea mays,
quinoa salad,quinoa bowl,,Chenopodium quinoa; Solanum lycopersicum; Cucumis sativus; Petroselinum crispum; Citrus limon; Olea europaea; Allium cepa,
chicken noodle soup,chicken soup,American,Gallus gallus; Triticum aestivum; Daucus carota; Apium graveolens; Allium cepa; Petroselinum crispum; Thymus vulgaris,
tomato soup,cream of tomato,American,Solanum lycopersicum; Allium cepa; Allium sativum; Bos taurus; Ocimum basilicum,
lentil soup,,,Lens culinaris; Allium cepa; Daucus carota; Apium graveolens; Allium sativum; Cuminum cyminum; Solanum lycopersicum; Olea europaea; Citrus limon,
split pea soup,,,Pisum sativum; Sus scrofa; Allium cepa; Daucus carota; Apium graveolens; Thymus vulgaris; Laurus nobilis,
beef stew,,,Bos taurus; Solanum tuberosum; Daucus carota; Allium cepa; Apium graveolens; Allium sativum; Thymus vulgaris; Laurus nobilis; Triticum aestivum; Solanum lycopersicum,
roast chicken,rotisserie chicken; roasted chicken,,Gallus gallus; Citrus limon; Allium sativum; Thymus vulgaris; Salvia rosmarinus; Bos taurus,
grilled salmon,baked salmon; roasted salmon,,Salmo salar; Citrus limon; Anethum graveolens; Olea europaea,
tuna salad,tuna sandwich; tuna melt,American,Thunnus albacares; Gallus gallus; Apium graveolens; Allium cepa; Triticum aestivum; Saccharomyces cerevisiae; Bos taurus,
egg salad,egg salad sandwich,American,Gallus gallus; Sinapis alba; Apium graveolens; Allium schoenoprasum; Triticum aestivum; Saccharomyces cerevisiae,
chicken salad,chicken salad sandwich,American,Gallus gallus; Apium graveolens; Allium cepa; Vitis vinifera; Juglans regia; Triticum aestivum; Saccharomyces cerevisiae,
avocado toast,,,Persea americana; Triticum aestivum; Saccharomyces cerevisiae; Citrus limon; Capsicum annuum; Gallus gallus,
toast,buttered toast; toast with jam,,Triticum aestivum; Saccharomyces cerevisiae; Bos taurus; Fragaria × ananassa,
bagel and lox,bagel with cream cheese; bagel; lox,American,Triticum aestivum; Saccharomyces cerevisiae; Bos taurus; Salmo salar; Allium cepa; Solanum lycopersicum; Capparis spinosa,
cereal,corn flakes; breakfast cereal; cheerios,American,Zea mays; Avena sativa; Triticum aestivum; Bos taurus; Saccharum officinarum,
yogurt parfait,yogurt with granola; yoghurt,,Bos taurus; Avena sativa; Apis mellifera; Vaccinium corymbosum; Fragaria × ananassa,
fruit salad,,,Malus domestica; Musa acuminata; Citrus sinensis; Vitis vinifera; Fragaria × ananassa; Ananas comosus; Cucumis melo,
hummus wrap,veggie wrap; falafel wrap,,Triticum aestivum; Cicer arietinum; Sesamum indicum; Lactuca sativa; Solanum lycopersicum; Cucumis sativus; Allium cepa,
sushi burrito,,,Oryza sativa; Pyropia yezoensis; Salmo salar; Thunnus albacares; Persea americana; Cucumis sativus; Brassica oleracea; Gallus gallus; Glycine max; Aspergillus sojae; Triticum aestivum,
mashed potatoes,mash,,Solanum tuberosum; Bos taurus,
baked potato,jacket potato,,Solanum tuberosum; Bos taurus; Allium schoenoprasum; Sus scrofa,
roasted vegetables,roast veg,,Daucus carota; Solanum tuberosum; Allium cepa; Cucurbita moschata; Cucurbita pepo; Capsicum annuum; Allium sativum; Olea europaea; Salvia rosmarinus,
steamed broccoli,,,Brassica oleracea,
green beans almondine,haricots verts amandine,,Phaseolus vulgaris; Prunus dulcis; Bos taurus; Citrus limon,
creamed spinach,,,Spinacia oleracea; Bos taurus; Allium cepa; Allium sativum; Myristica fragrans,
ratatouille pasta,,,Triticum turgidum; Solanum melongena; Cucurbita pepo; Solanum lycopersicum; Capsicum annuum; Allium cepa; Allium sativum; Olea europaea; Ocimum basilicum,
veggie stir fry,tofu stir fry,,Glycine max; Brassica oleracea; Capsicum annuum; Daucus carota; Allium cepa; Allium sativum; Zingiber officinale; Aspergillus sojae; Triticum aestivum; Sesamum indicum; Oryza sativa,
buddha bowl,grain bowl; power bowl,,Chenopodium quinoa; Cicer arietinum; Ipomoea batatas; Brassica oleracea; Persea americana; Sesamum indicum; Citrus limon; Allium sativum,
wine,red wine; white wine; rosé; champagne; prosecco,,Vitis vinifera; Saccharomyces cerevisiae,
whiskey,whisky; bourbon; scotch,,Hordeum vulgare; Zea mays; Secale cereale; Saccharomyces cerevisiae,
gin and tonic,gin; g&t,,Triticum aestivum; Saccharomyces cerevisiae; Juniperus communis; Cinchona officinalis; Citrus aurantiifolia; Coriandrum sativum,
vodka,vodka soda; martini,,Triticum aestivum; Saccharomyces cerevisiae,
rum,mojito; daiquiri; rum and coke,,Saccharum officinarum; Saccharomyces cerevisiae; Citrus aurantiifolia; Mentha spicata,
tequila,tequila shot; paloma,,Agave tequilana; Saccharomyces cerevisiae; Citrus aurantiifolia; Citrus paradisi,
mezcal,,,Agave angustifolia; Saccharomyces cerevisiae; Citrus sinensis,
cider,hard cider; apple cider,,Malus domestica; Saccharomyces cerevisiae,
kombucha,,,Camellia sinensis; Saccharum officinarum; Saccharomyces cerevisiae; Brettanomyces bruxellensis,
hot chocolate,cocoa; hot cocoa,,Theobroma cacao; Bos taurus; Saccharum officinarum,
green tea,sencha; black tea; tea; earl grey; oolong,,Camellia sinensis,
chamomile tea,herbal tea,,Matricaria chamomilla; Apis mellifera,
yerba mate,mate,,Ilex paraguariensis,
orange juice,oj,,Citrus sinensis,
lemonade,,,Citrus limon; Saccharum officinarum,
chocolate bar,chocolate; dark chocolate; milk chocolate,,Theobroma cacao; Saccharum officinarum; Bos taurus; Vanilla planifolia,
trail mix,,,Arachis hypogaea; Prunus dulcis; Anacardium occidentale; Vitis vinifera; Theobroma cacao; Helianthus annuus; Vaccinium macrocarpon,
hummus and pita,hummus with pita,,Cicer arietinum; Sesamum indicum; Citrus limon; Allium sativum; Olea europaea; Triticum aestivum; Saccharomyces cerevisiae,
cheese plate,cheese board; cheese platter,,Bos taurus; Ovis aries; Capra hircus; Penicillium roqueforti; Penicillium camemberti; Vitis vinifera; Juglans regia; Apis mellifera; Triticum aestivum; Ficus carica,
charcuterie and cheese,,,Sus scrofa; Bos taurus; Penicillium nalgiovense; Penicillium camemberti; Olea europaea; Sinapis alba; Triticum aestivum; Saccharomyces cerevisiae; Vitis vinifera,
cricket tacos,chapulines; grasshopper tacos,Mexican,Sphenarium purpurascens; Zea mays; Citrus aurantiifolia; Capsicum annuum; Allium sativum; Allium cepa; Coriandrum sativum; Persea americana,
cricket flour protein bar,cricket bar; insect protein,,Acheta domesticus; Phoenix dactylifera; Arachis hypogaea; Theobroma cacao,
mopane worms,,Southern African,Gonimbrasia belina; Solanum lycopersicum; Allium cepa; Capsicum annuum; Zea mays,
escamoles,ant eggs,Mexican,Liometopum apiculatum; Bos taurus; Dysphania ambrosioides; Allium cepa; Capsicum annuum; Zea mays,
uni sushi,uni nigiri,Japanese,Mesocentrotus nudus; Oryza sativa; Pyropia yezoensis,
seaweed salad,wakame salad; goma wakame,Japanese,Undaria pinnatifida; Sesamum indicum; Glycine max; Aspergillus sojae; Triticum aestivum; Oryza sativa; Saccharum officinarum; Capsicum annuum; Gelidium amansii,
hijiki salad,hijiki,Japanese,Sargassum fusiforme; Daucus carota; Glycine max; Aspergillus oryzae; Sesamum indicum; Aspergillus sojae; Triticum aestivum,
dulse chips,,,Palmaria palmata,
laverbread,welsh laverbread,Welsh,Porphyra umbilicalis; Avena sativa; Sus scrofa,
irish moss drink,sea moss gel; sea moss smoothie,Caribbean,Chondrus crispus; Bos taurus; Cinnamomum verum; Myristica fragrans; Saccharum officinarum,
spirulina smoothie,spirulina; chlorella smoothie,,Chlorella vulgaris; Musa acuminata; Mangifera indica; Ananas comosus; Cocos nucifera,
euglena drink,midorimushi,Japanese,Euglena gracilis,
huitlacoche quesadilla,huitlacoche,Mexican,Ustilago maydis; Zea mays; Bos taurus; Dysphania ambrosioides; Allium cepa; Allium sativum; Capsicum annuum,
mushroom soup,cream of mushroom,,Agaricus bisporus; Bos taurus; Allium cepa; Allium sativum; Thymus vulgaris; Triticum aestivum,
wild mushroom pasta,mushroom pasta; truffle pasta,,Triticum turgidum; Boletus edulis; Cantharellus cibarius; Morchella esculenta; Bos taurus; Allium sativum; Petroselinum crispum; Tuber melanosporum,
stuffed mushrooms,,,Agaricus bisporus; Bos taurus; Triticum aestivum; Allium sativum; Petroselinum crispum; Sus scrofa,
quorn,mycoprotein,British,Fusarium venenatum; Gallus gallus,
blue cheese burger,,American,Bos taurus; Triticum aestivum; Saccharomyces cerevisiae; Penicillium roqueforti; Allium cepa; Lactuca sativa; Solanum lycopersicum,
brie and fig,baked brie,,Bos taurus; Penicillium camemberti; Ficus carica; Apis mellifera; Juglans regia; Triticum aestivum,
salami sandwich,salami; pepperoni,,Sus scrofa; Bos taurus; Penicillium nalgiovense; Triticum aestivum; Saccharomyces cerevisiae; Sinapis alba,
tempeh bowl,tempeh stir fry,,Glycine max; Rhizopus oligosporus; Oryza sativa; Brassica oleracea; Daucus carota; Zingiber officinale; Allium sativum; Aspergillus sojae; Triticum aestivum; Sesamum indicum,
miso glazed eggplant,nasu dengaku,Japanese,Solanum melongena; Glycine max; Aspergillus oryzae; Oryza sativa; Saccharum officinarum; Sesamum indicum,
miso glazed cod,black cod miso; miso black cod,Japanese,Anoplopoma fimbria; Glycine max; Aspergillus oryzae; Oryza sativa; Saccharum officinarum,
kombu dashi,dashi,Japanese,Saccharina japonica; Katsuwonus pelamis,
shojin ryori,buddhist vegetarian japanese,Japanese,Glycine max; Aspergillus oryzae; Saccharina japonica; Lentinula edodes; Oryza sativa; Sesamum indicum; Raphanus sativus; Cucurbita maxima; Nelumbo nucifera; Spinacia oleracea; Undaria pinnatifida; Sargassum fusiforme; Prunus mume,
japanese set meal,teishoku; japanese breakfast,Japanese,Oryza sativa; Glycine max; Aspergillus oryzae; Saccharina japonica; Katsuwonus pelamis; Undaria pinnatifida; Allium fistulosum; Salmo salar; Raphanus sativus; Pyropia yezoensis; Gallus gallus; Prunus mume,
korean banchan,banchan,Korean,Brassica rapa; Capsicum annuum; Allium sativum; Spinacia oleracea; Vigna radiata; Sesamum indicum; Cucumis sativus; Glycine max; Aspergillus oryzae; Raphanus sativus; Solanum tuberosum; Pteridium aquilinum,
vegetarian hot pot,veggie hot pot,Chinese,Brassica rapa; Glycine max; Flammulina filiformis; Lentinula edodes; Pleurotus eryngii; Auricularia heimuer; Nelumbo nucifera; Solanum tuberosum; Ipomoea batatas; Triticum aestivum; Sesamum indicum; Allium sativum; Allium fistulosum; Capsicum annuum; Zanthoxylum bungeanum,
