node,age_Ma,basis,source_expr,families_anchored_here,n_species,reviewer_suggested_age,reviewer_notes
Mucoromycota + Dikarya,700,"approximate, uncited","APPROX + "" (Mucoromycota stem; fungal timetree 2025 gives 701-1114 for the LCA)""","Rhizopodaceae, Mucoraceae",4,,
Saccharomycotina + Pezizomycotina,450,"approximate, uncited",APPROX,,0,,
Saccharomycotina,350,"approximate, uncited",APPROX),"Saccharomycetaceae, Pichiaceae, Debaryomycetaceae, Dipodascaceae",9,,
Pezizomycotina,400,"approximate, uncited",APPROX,,0,,
Pezizales,300,"approximate, uncited","APPROX + "" (literature 248-441)"")","Tuberaceae, Morchellaceae, Discinaceae, Pyronemataceae, Sarcoscyphaceae",13,,
Leotiomyceta,320,"approximate, uncited",APPROX,Cyttariaceae,1,,
Eurotiomycetes,150,"approximate, uncited",APPROX),"Aspergillaceae, Monascaceae",7,,
Sordariomycetes,250,"approximate, uncited",APPROX,Sordariaceae,2,,
Hypocreales,150,"approximate, uncited",APPROX),"Nectriaceae, Hypocreaceae, Cordycipitaceae, Ophiocordycipitaceae",4,,
Basidiomycota,452,cited: see backbone.py,STR21,Ustilaginaceae,1,,
Cnidaria,620,"approximate, uncited","APPROX + "" (Anthozoa vs Medusozoa; Park et al. 2012 give 741","Actiniidae, Rhizostomatidae, Stomolophidae",5,,
Ecdysozoa,580,"approximate, uncited",APPROX,,0,,
Arthropoda,550,"approximate, uncited","APPROX + "" (cf. Lozano-Fernandez et al. 2016)""",,0,,
Chelicerata,480,"approximate, uncited",APPROX,Limulidae,2,,
Arachnida,450,"approximate, uncited",APPROX),"Theraphosidae, Scorpionidae",2,,
Mandibulata,540,"approximate, uncited",APPROX,Scolopendridae,1,,
Pancrustacea,510,"approximate, uncited",APPROX,,0,,
Multicrustacea,500,"approximate, uncited",APPROX,,0,,
Cirripedia,300,"approximate, uncited",APPROX),"Balanidae, Pollicipedidae, Lepadidae",4,,
Malacostraca,430,"approximate, uncited",APPROX,Squillidae,3,,
Eumalacostraca,420,"approximate, uncited",APPROX,Mysidae,1,,
Eucarida,410,"approximate, uncited",APPROX,Euphausiidae,2,,
Decapoda,400,"approximate, uncited","APPROX + "" (cf. Wolfe et al. 2019)""",,0,,
Dendrobranchiata,250,"approximate, uncited",APPROX),"Penaeidae, Aristeidae, Solenoceridae, Sergestidae",17,,
Pleocyemata,380,"approximate, uncited",APPROX,,0,,
Caridea,280,"approximate, uncited",APPROX),"Palaemonidae, Pandalidae, Crangonidae",10,,
Reptantia,350,"approximate, uncited",APPROX,,0,,
Achelata,250,"approximate, uncited",APPROX),"Palinuridae, Scyllaridae",12,,
Astacidea,260,"approximate, uncited",APPROX),"Nephropidae, Astacidae, Cambaridae, Parastacidae",12,,
Meiura,300,"approximate, uncited",APPROX,,0,,
Anomura,250,"approximate, uncited",APPROX),"Lithodidae, Munididae",6,,
Brachyura,200,"approximate, uncited",APPROX,Raninidae,1,,
Eubrachyura,150,"approximate, uncited",APPROX),"Portunidae, Cancridae, Carcinidae, Polybiidae, Ovalipidae, Cheiragonidae, Majidae, Menippidae, Geryonidae, Oregoniidae, Varunidae, Gecarcinidae, Ucididae",25,,
Hexapoda,480,"approximate, uncited","APPROX + "" (cf. Misof et al. 2014)""",,0,,
Insecta,440,"approximate, uncited",APPROX,,0,,
Neoptera,380,"approximate, uncited",APPROX,,0,,
Polyneoptera,350,"approximate, uncited",APPROX,Termitidae,2,,
Orthoptera,300,"approximate, uncited",APPROX),"Gryllidae, Tettigoniidae, Acrididae, Pyrgomorphidae",8,,
Eumetabola,370,"approximate, uncited",APPROX,,0,,
Hemiptera,300,"approximate, uncited",APPROX,Cicadidae,2,,
Heteroptera,250,"approximate, uncited",APPROX),"Belostomatidae, Corixidae, Pentatomidae, Tessaratomidae",4,,
Holometabola,345,"approximate, uncited","APPROX + "" (cf. Misof et al. 2014)""",,0,,
Hymenoptera,280,"approximate, uncited","APPROX + "" (cf. Peters et al. 2017)""",,0,,
Aculeata,200,"approximate, uncited",APPROX,Vespidae,3,,
Apoidea + Formicoidea,180,"approximate, uncited",APPROX),"Apidae, Formicidae",8,,
Aparaglossata,330,"approximate, uncited",APPROX,,0,,
Coleoptera,300,"approximate, uncited",APPROX),"Tenebrionidae, Curculionidae, Scarabaeidae, Dytiscidae",9,,
Panorpida,300,"approximate, uncited",APPROX,,0,,
Diptera,240,"approximate, uncited",APPROX),"Stratiomyidae, Chaoboridae",2,,
Lepidoptera,250,"approximate, uncited","APPROX + "" (cf. Kawahara et al. 2019)""",Cossidae,2,,
Obtectomera,150,"approximate, uncited",APPROX,Hesperiidae,1,,
Bombycoidea,90,"approximate, uncited",APPROX),"Bombycidae, Saturniidae",5,,
Lophotrochozoa,564,cited: see backbone.py,STR21,Lingulidae,1,,
Annelida,520,"approximate, uncited",APPROX),"Eunicidae, Sipunculidae, Urechidae",3,,
Mollusca,534,cited: see backbone.py,STR21,Chitonidae,2,,
Conchifera,520,"approximate, uncited",APPROX,,0,,
Bivalvia,480,"approximate, uncited",APPROX,,0,,
Pteriomorphia,450,"approximate, uncited",APPROX),"Arcidae, Glycymerididae, Mytilidae, Ostreidae, Pectinidae, Pinnidae, Margaritidae",27,,
Heterodonta,400,"approximate, uncited",APPROX,,0,,
Imparidentia,300,"approximate, uncited",APPROX),"Veneridae, Mactridae, Cardiidae, Donacidae, Cyrenidae, Arcticidae, Hiatellidae, Solenidae, Pharidae, Myidae, Pholadidae, Teredinidae",32,,
Gastropoda,450,"approximate, uncited",APPROX,"Patellidae, Nacellidae",2,,
Orthogastropoda,420,"approximate, uncited",APPROX,Neritidae,1,,
Vetigastropoda,350,"approximate, uncited",APPROX),"Haliotidae, Fissurellidae, Trochidae, Tegulidae, Turbinidae",14,,
Apogastropoda,400,"approximate, uncited",APPROX,,0,,
Caenogastropoda,300,"approximate, uncited",APPROX,"Ampullariidae, Viviparidae, Littorinidae, Strombidae, Potamididae, Thiaridae, Semisulcospiridae",10,,
Neogastropoda,150,"approximate, uncited",APPROX),"Buccinidae, Busyconidae, Babyloniidae, Muricidae",10,,
Heterobranchia,300,"approximate, uncited",APPROX,Aplysiidae,1,,
Stylommatophora,150,"approximate, uncited",APPROX),"Helicidae, Achatinidae",6,,
Coleoidea,260,"approximate, uncited","APPROX + "" (cf. Tanner et al. 2017)""",,0,,
Octopoda,150,"approximate, uncited",APPROX),"Octopodidae, Enteroctopodidae, Eledonidae",9,,
Decapodiformes,180,"approximate, uncited",APPROX),"Sepiidae, Sepiolidae, Loliginidae, Ommastrephidae, Enoploteuthidae",24,,
Echinodermata,500,"approximate, uncited",APPROX,,0,,
Echinozoa,450,"approximate, uncited",APPROX,,0,,
Echinoidea,250,"approximate, uncited",APPROX),"Strongylocentrotidae, Echinometridae, Parechinidae, Toxopneustidae, Echinidae",9,,
Holothuroidea,250,"approximate, uncited",APPROX),"Stichopodidae, Holothuriidae, Cucumariidae",7,,
Chordates,560,cited: see backbone.py,STR21,Branchiostomatidae,1,,
Olfactores,545,"approximate, uncited",APPROX,,0,,
Tunicata,300,"approximate, uncited",APPROX),"Pyuridae, Styelidae",5,,
Vertebrates,535,"approximate, uncited","APPROX + "" (cyclostome/gnathostome split)""",,0,,
Cyclostomata,480,"approximate, uncited",APPROX),"Petromyzontidae, Geotriidae, Myxinidae",7,,
Chondrichthyes,420,"approximate, uncited",APPROX,"Callorhinchidae, Chimaeridae",2,,
Elasmobranchii,300,"approximate, uncited",APPROX,,0,,
Selachii,250,"approximate, uncited",APPROX,Squalidae,1,,
Galeomorphii,200,"approximate, uncited",APPROX,Lamnidae,2,,
Carcharhiniformes,150,"approximate, uncited",APPROX),"Scyliorhinidae, Triakidae, Carcharhinidae",5,,
Batoidea,200,"approximate, uncited",APPROX),"Rajidae, Dasyatidae",5,,
Anura,200,"approximate, uncited",APPROX),"Ranidae, Dicroglossidae, Pyxicephalidae, Leptodactylidae",11,,
Sauropsids,280,"approximate, uncited","APPROX + "" (lepidosaur/archosaur split)""",,0,,
Squamata,200,"approximate, uncited",APPROX),"Iguanidae, Pythonidae, Colubridae, Elapidae, Viperidae, Varanidae, Teiidae",12,,
Archosaurs + turtles,260,"approximate, uncited",APPROX,,0,,
Testudines,200,"approximate, uncited",APPROX),"Chelydridae, Emydidae, Trionychidae",7,,
Archosaurs,250,"approximate, uncited","APPROX + "" (crocodilians vs birds)""",,0,,
Crocodylia,90,"approximate, uncited",APPROX),"Alligatoridae, Crocodylidae",5,,
Phaeophyceae,190,"approximate, uncited","APPROX + "" (cf. Silberfeld et al. 2010","Ralfsiaceae, Chordaceae",2,,
Ectocarpales + BACR,150,"approximate, uncited",APPROX,"Chordariaceae, Scytosiphonaceae",3,,
BACR,100,"approximate, uncited",APPROX,,0,,
Laminariales,30,"approximate, uncited",APPROX),"Laminariaceae, Alariaceae, Lessoniaceae",15,,
Fucales,60,"approximate, uncited",APPROX),"Fucaceae, Sargassaceae, Himanthaliaceae, Durvillaeaceae",9,,
Bangiales,100,"approximate, uncited",APPROX),Bangiaceae,7,,
Nemaliophycidae,500,"approximate, uncited","APPROX + "" (subclass split 661 in "" + YANG16 + "")"")","Palmariaceae, Liagoraceae",4,,
Ahnfeltiophycidae + Rhodymeniophycidae,508,cited: see backbone.py,YANG16,Ahnfeltiaceae,1,,
Rhodymeniophycidae,450,"approximate, uncited",APPROX,"Gelidiaceae, Pterocladiaceae, Bonnemaisoniaceae",5,,
Ceramiales,335,cited: see backbone.py,YANG16),Rhodomelaceae,3,,
Gigartinales + Gracilariales + Halymeniales,400,"approximate, uncited",APPROX,"Gracilariaceae, Halymeniaceae, Endocladiaceae, Sarcodiaceae",8,,
Gigartinales,250,"approximate, uncited",APPROX),"Gigartinaceae, Cystocloniaceae, Phyllophoraceae, Solieriaceae, Kallymeniaceae, Dumontiaceae, Caulacanthaceae",13,,
Ulvophyceae,450,"approximate, uncited",APPROX,,0,,
Ulvales,150,"approximate, uncited",APPROX),"Ulvaceae, Monostromataceae",8,,
Bryopsidales,200,"approximate, uncited",APPROX),"Caulerpaceae, Codiaceae",4,,
Trebouxiophyceae,400,"approximate, uncited",APPROX),"Chlorellaceae, Prasiolaceae",3,,
Chlorophyceae,400,"approximate, uncited",APPROX),"Haematococcaceae, Dunaliellaceae",2,,
